λ,l(λ),u(λ),n-sequence
1,2,2,"{-1, 1}"
2,3,3,"{1, -1, 1}"
3,5,5,"{1, -1, 1, -1, 1}"
1/2,2,2,"{-2, 1}"
3/2,3,3,"{2, -1, 1}"
5/2,5,5,"{1, -1, 1, -1, -2}"
7/2,9,9,"{2, -1, 1, -1, 1, -1, 1, -1, 2}"
1/3,2,2,"{-3, 1}"
2/3,3,3,"{3, -2, 1}"
4/3,3,3,"{3, -1, 1}"
5/3,5,5,"{3, 1, 1, -1, 1}"
7/3,5,5,"{3, -1, 1, -1, 3}"
8/3,5,5,"{6, -1, 1, -1, 1}"
10/3,9,9,"{-15, 5, -1, 1, -1, 1, -1, 1, -2}"
11/3,13,13,"{3, -2, 1, -1, 1, -1, 1, -1, 1, -1, 1, -2, 3}"
1/4,2,2,"{-4, 1}"
3/4,3,3,"{2, -2, 1}"
5/4,3,3,"{4, -1, 1}"
7/4,5,5,"{-2, 2, 1, -1, 1}"
9/4,5,5,"{2, 2, -1, 1, -1}"
11/4,7,7,"{-4, 1, 2, -1, 1, -1, 1}"
13/4,7,7,"{36, -1, 1, -1, 1, -1, 1}"
15/4,16,17,"{2, -1, 1, -1, 1, -1, 1, -1, 1, -1, 1, -1, 6, -11, 1, -8, 1}"
1/5,2,2,"{-5, 1}"
2/5,3,3,"{5, -3, 1}"
3/5,3,3,"{5, -2, 1}"
4/5,3,3,"{5, 1, -1}"
6/5,3,3,"{5, -1, 1}"
7/5,5,5,"{1, -1, 5, -1, 1}"
8/5,5,5,"{5, -2, 2, -1, 1}"
9/5,5,5,"{5, 1, -1, 1, 5}"
11/5,5,5,"{5, -1, 1, -1, 5}"
12/5,7,7,"{1, -5, 1, 1, -1, 1, -1}"
13/5,5,5,"{15, 1, -1, 1, -1}"
14/5,7,7,"{10, -2, 2, -1, 1, -1, 1}"
16/5,9,9,"{15, 58, 1, -1, 1, -1, 1, -1, -2}"
17/5,9,9,"{10, 1, -1, 1, -1, 1, -1, 1, 10}"
18/5,13,13,"{-115, 24, 1, -2, 1, -1, 1, -1, 1, -1, 1, -1, 2}"
19/5,17,27,"{1, 1, 1, 1, 1, -1, 1, -1, 1, -1, 1, -1, 1, -1, 1, -1, 1, -3, 1, 10, 37, 5, -1, -3, 10, -1, 1}"
1/6,2,2,"{-6, 1}"
5/6,3,3,"{6, 1, -1}"
7/6,3,3,"{6, -1, 1}"
11/6,5,5,"{-2, 3, 1, -1, 1}"
13/6,5,5,"{2, 3, -1, 1, -1}"
17/6,9,9,"{-3, 10, -7, 2, -1, 1, -1, 1, -5}"
19/6,9,9,"{6, -1, -1, 1, -1, 1, -1, 1, 282}"
23/6,19,21,"{1, -6, 1, 2, -1, 1, -1, 1, -1, 1, -1, 1, -1, 1, -1, 1, -1, 1, 156, -2, 10}"
1/7,2,2,"{-7, 1}"
2/7,3,3,"{7, -4, 1}"
3/7,3,3,"{7, 2, -1}"
4/7,3,3,"{7, -2, 1}"
5/7,5,5,"{7, -3, 4, 1, -1}"
6/7,3,3,"{7, 1, -1}"
8/7,3,3,"{7, -1, 1}"
9/7,5,5,"{1, -1, 7, -1, 1}"
10/7,5,5,"{7, 9, 1, -1, 2}"
11/7,5,5,"{7, -2, 1, -1, 14}"
12/7,5,5,"{21, -1, 2, -1, 1}"
13/7,5,5,"{7, 1, -1, 1, 7}"
15/7,5,5,"{7, -1, 1, -1, 7}"
16/7,5,5,"{14, -2, 1, -1, 1}"
17/7,7,7,"{14, 1, 1, -1, 1, -1, 35}"
18/7,7,7,"{14, -1, 6, 1, -1, 1, -1}"
19/7,7,7,"{14, 37, 1, -1, 1, -1, 3}"
20/7,9,9,"{203, 1, 1, 3, -1, 1, -1, 1, -2}"
22/7,11,11,"{-7, 43, 3, -1, 1, -2, 1, -1, 1, -1, 1}"
23/7,11,11,"{7, 3, 2, 3, -1, 1, -1, 1, -1, 1, 707}"
24/7,11,11,"{4, -7, 1, -1, 1, -1, 1, -1, 1, -23, -56}"
25/7,13,13,"{5, -7, 1, -1, 1, -1, 1, -1, 1, -1, 2, 14, 39}"
26/7,16,55,"{1, 1, 1, 1, -1, 1, -1, 1, -1, 1, -1, 1, -1, 1, 5, 1, 2, -1, 9, 7, -1, -14, -1, 1, 2, 1, 1, 1, -1, 2, 1, -1, 1, -1, 6, 1, 1, 1, 3, 1, -2, 1, -1, 5, 1, -1, 1, 8, 7, -5, 1, -1, -1, -1, 21}"
27/7,17,81,"{1, 1, 1, 3, 1, -1, 1, -1, 1, -1, 1, -1, 1, -1, 1, -1, 1, -1, 1, -1, -1, 19, 4, -1, -2, 1, -2, -1, -2, 2, -1, -4, -2, 2, -1, 2, 2, 1, 4, -3, -1, -1, 1, -1, 1, -1, 1, -2, 1, -1, 1, -1, 1, -1, 1, 161, -6, -2, 7, 1, 2, 3, -1, 1, -6, 4, 1, -1, 2, 1, 3, -1, 3, -1, -42, -1, 1, -1, 1, 27, -7}"
1/8,2,2,"{-8, 1}"
3/8,3,3,"{8, -3, 1}"
5/8,3,3,"{4, -2, 1}"
7/8,3,3,"{8, 1, -1}"
9/8,3,3,"{8, -1, 1}"
11/8,5,5,"{4, 18, -1, 1, -3}"
13/8,5,5,"{24, 1, 1, -1, 1}"
15/8,5,5,"{-2, 4, 1, -1, 1}"
17/8,5,5,"{2, 4, -1, 1, -1}"
19/8,7,7,"{2, -4, 1, -1, 1, -2, -4}"
21/8,5,5,"{40, -1, 1, -1, 1}"
23/8,9,9,"{-4, 6, 7, -1, -1, 1, -1, 1, -1}"
25/8,9,9,"{4, 310, -1, 1, -1, 1, -1, 2, -1}"
27/8,12,13,"{3, -4, -2, 2, -1, 1, -1, 1, -1, 1, -2, -10, 4}"
29/8,13,15,"{6, -1, 1, -1, 1, -1, 1, -1, 1, -1, 310, 1, -4, -2, 3}"
31/8,21,97,"{1, 1, 1, 2, 1, -1, 1, -1, 1, -1, 1, -1, 1, -1, 1, -1, 1, -1, 1, -1, 1, 3, 1, 2, -1, 1, -1, 1, 1, -1, 1, -17, -1, 1, -1, 1, 1, -1, 1, -1, 1, -2, 4, 2, 1, -1, -4, 2, 3, 1, -2, 1, 1, -1, 1, 20, 1, -1, 1, -1, 1, 4, -1, 3, 2, -1, 1, 1, -1, 1, -4, -2, 9, -1, -5, -3, -28, -2, 1, -6, 1, -1, 1, -1, 4, 1, 1, -1, 1, 2, 2, 1, -1, 4, -2, 1, -1}"
1/9,2,2,"{-9, 1}"
2/9,3,3,"{9, -5, 1}"
4/9,3,3,"{9, 2, -1}"
5/9,3,3,"{9, -2, 1}"
7/9,5,5,"{3, -3, 5, 1, -1}"
8/9,3,3,"{9, 1, -1}"
10/9,3,3,"{9, -1, 1}"
11/9,5,5,"{1, -1, 9, -1, 1}"
13/9,5,5,"{-3, 3, 2, -1, 1}"
14/9,5,5,"{3, 12, -1, 1, -2}"
16/9,5,5,"{-18, 2, 1, -1, 1}"
17/9,5,5,"{9, 1, -1, 1, 9}"
19/9,5,5,"{9, -1, 1, -1, 9}"
20/9,7,7,"{1, -9, 1, 2, -1, 1, -1}"
22/9,7,7,"{-21, 12, -1, 1, -1, 1, 1}"
23/9,7,7,"{3, 3, 1, -1, 1, -1, 18}"
25/9,7,7,"{18, -2, 1, -1, 1, -1, -45}"
26/9,9,9,"{6, 600, -1, 1, -1, 1, -1, -1, -3}"
28/9,9,9,"{9, -1, 1, -1, 1, -1, 2, 3, 15}"
29/9,10,11,"{3, -6, -8, 4, 1, -1, 1, -1, 1, -1, -3681}"
31/9,12,13,"{9, 2, 5, -1, 1, -1, 1, -1, 1, -1, 5, 2, 9}"
32/9,13,79,"{1, 1, 1, 1, 1, -1, 1, -1, 1, -1, 1, -1, 1, 1, -1, 1, 1, 1, -1, 1, -1, -1, 2, -2, 1, -1, 1, 1, 5, -4, -2, -1, 2, 1, 1, 1, 1, -2, -13, 2, -1, 3, 1, 1, -1, 16, 25, -11, 1, -1, -6, 2, 4, -1, 1, -1, -1, -1, 13, -2, -1, -4, 5, -3, -1, 1, 1, 3, -1, 6, 2, -1, 1, -1, -399, -1, 1, -1, -63}"
34/9,16,59,"{1, 1, 1, 1, 4, -1, 1, -1, 1, -1, 1, -1, 1, -1, 1, -1, 1, -8, -1, -1, 2, -1, 1, -1, -4, 6, -7, 2, -1, -3, 1, 1, 3, -7, -2, -1, 1, 1, -3, 2, -159, -1, 1, 2, -1, 1, -1, 1, -2, 5, -2, 9, 19, -1, 1, -1, 1, -27, 5}"
35/9,18,73,"{1, 1, 3, 3, 2, -1, 1, -1, 1, -1, 1, -1, 1, -1, 1, -1, 1, -1, 1, -1, 1, -1, 2, -1, 1, -2, -2, 1, -1, 1, 42, -1, 2, -1, -2, 18, 1, -1, -1, -1, -2, 4, -1, 1, -1, -5, 1, 165, -1, -7, -2, 5, -1, 2, 8, 4, 2, -1, 1, -69, 1, -1, 1, -1, 3, -1, -3, 1, -1, 2, 13, 1, 171}"
1/10,2,2,"{-10, 1}"
3/10,3,3,"{10, 3, -1}"
7/10,3,3,"{2, -1, 5}"
9/10,3,3,"{10, 1, -1}"
11/10,3,3,"{10, -1, 1}"
13/10,5,5,"{1, -1, 4, -1, -5}"
17/10,5,5,"{20, 1, -2, 1, -1}"
19/10,5,5,"{-2, 5, 1, -1, 1}"
21/10,5,5,"{2, 5, -1, 1, -1}"
23/10,5,5,"{2, -1, 1, -1, 20}"
27/10,7,7,"{5, 4, -1, 1, -1, 1, -30}"
29/10,9,9,"{2, 1, 1, -1, 1, -1, 1, -27, -5}"
31/10,7,7,"{2, -1, 1, -1, 1, -1, -190}"
33/10,11,11,"{1, -2, 4, -1, 1, -1, 1, -1, 1, -5, -22778}"
37/10,15,87,"{1, 1, 1, 1, 3, -1, 1, -1, 1, -1, 1, -1, 1, -1, 1, -4, -1, -6, -1, 4, -1, 1, -1, 2, -1, 1, 1, -1, 2, 15, -1, -3, 1, 1, 1, -5, -2, -1, 1, -1, 2, -1, 1, -2, -2, 1, -1, 1, -4, -1, -1, 1, 1, -1, 2, 31, 1, -1, -7, -1, 1, 5, -1, 1, -1, 2, 1, 1, -1, 1, 4, 2, 2, -1, 1, -1, -4, 1, -1, 20, 1, 10, 1, 4, -1, -5, -2}"
39/10,21,41,"{1, 1, 1, -5, -9, 1, -1, 1, -1, 1, -1, 1, -1, 1, -1, 1, -1, 1, -1, 1, -1, 1, -1, 1, 1, 1, -1, 2250, 1, -259, -2, -1, 1, -1, -41, 5, -2, -9, -14, 3, -5}"
1/11,2,2,"{-11, 1}"
2/11,3,3,"{11, -6, 1}"
3/11,3,3,"{11, -4, 1}"
4/11,3,3,"{11, -3, 1}"
5/11,3,3,"{11, 2, -1}"
6/11,3,3,"{11, -2, 1}"
7/11,5,5,"{1, -2, 11, -1, 2}"
8/11,5,5,"{-11, 7, 2, -2, 1}"
9/11,5,5,"{1, -1, -11, -1, 1}"
10/11,3,3,"{11, 1, -1}"
12/11,3,3,"{11, -1, 1}"
13/11,5,5,"{1, -1, 11, -1, 1}"
14/11,5,5,"{11, -4, 1, -1, 44}"
15/11,5,5,"{11, -3, 3, -1, 1}"
16/11,5,5,"{11, 2, -1, 1, 22}"
17/11,5,5,"{11, -2, 1, -1, 22}"
18/11,7,7,"{11, 1796, 5, -1, 1, -2, -53}"
19/11,7,7,"{-11, 7, -12, -2, 1, -1, 3}"
20/11,7,7,"{1, -1, 1, 3, -1, -11, -1}"
21/11,5,5,"{11, 1, -1, 1, 11}"
23/11,5,5,"{11, -1, 1, -1, 11}"
24/11,5,5,"{22, -3, 1, -1, 1}"
25/11,7,7,"{1, -22, -2, 1, -1, 1, 77}"
26/11,7,7,"{33, -1, 2, -1, 1, -1, -88}"
27/11,9,9,"{10, -11, -9, 1, -1, 1, -1, -1, 946}"
28/11,9,9,"{11, -2, -2, -1, 1, -1, 1, -9, -11}"
29/11,7,7,"{2, -11, 1, -1, 1, -1, -33}"
30/11,9,9,"{4, -3, 1, -1, 1, -1, 83, 5, -209}"
31/11,9,9,"{1, 11, 1, -2, 1, -1, 1, -1, -66}"
32/11,10,17,"{1, 1, 1, 1, -1, 1, -1, 1, -18, -6, 16, 8, -3, 1, 4, 4, 33}"
34/11,10,49,"{1, 1, 1, 1, -1, 1, -1, 1, -1, -1, 10, -5, -3, 1, -2, 3, -2, 1, 3, 1, 1, 1, 2, -1, 1, 2, 39, 30, 1, -1, -1, 2, -1, -1, -9, -2, 3, -7, 50, 1, -1, -2, 31, 1, -1, -1, -29, -1, 11}"
35/11,11,11,"{1, 1, -1, 1, -1, 1, -1, 11, 3, -11, -1}"
36/11,11,11,"{11, 2, -1, 1, -1, 1, -1, 1, 2, -11, 458}"
37/11,11,13,"{1, 1, -1, 1, -1, 1, -1, 1, -65, -34, -3, -1, 33}"
38/11,12,39,"{1, 1, 1, -1, -1, 1, -1, 1, -1, 1, -1, 1, 1, 1, -2, 1, -1, 1, -7, 1, -3, 2, -1, 2, -1, 6, 7, -6, -5, -1, 3, 4, 3, 7, -82, 1, -2, -297, 16}"
39/11,13,77,"{1, 1, 1, -6, 6, -1, 1, -1, 1, -1, 1, -1, 1, -13, -4, -1, 1, -3, -1, 4, -1, 2, -2, 1, -1, 2, 1, 2, -2, -2, -14, -2, -2, -6, -1, -4, -1, 4, -1, 1, -1, -3, -8, 2, 1, -1, 1, -11, -4, 3, -22, 14, -1, -6, 1, -2, 1, 7, -1, 6, -2, 1, -1, -14, 2, -40, -1, 1, -1, 4, -2, -7, 1, -1, 2, 4, -66}"
40/11,15,81,"{1, 1, 1, 1, 2, -1, 1, -1, 1, -1, 1, -1, 1, -1, -12, -12, 1, -1, 1, 4, 2, 1, -1, 1, -1, -3, -4, 8, -1, 1, 1, -1, 1, 1, -6, -3, 1, -1, 1, -17, -1, 1, -1, 34, 5, -1, 2, 137, 1, -1, 1, 7, 1, 14, 1, -2, 1, 1, 3, -1, -6, -2, -27, 3, -1, -15, 1, 1, 2, -1, 10, -182, -2, 1, 2, -1, 1, -2, 5, 58, 11}"
41/11,15,45,"{1, 1, -5, -1, 10, -1, 1, -1, 1, -1, 1, -1, 1, -1, 1, -1, -3, 1, -1, 13, -2, 46, -1, -21, -2, 2, -1, 3, -1, 2, -2, 121, 2, -7, 2, -1, 1, -3, -1, 511, -1, 1, -45, 1, 44}"
42/11,17,59,"{1, -1, -6, -1, -2, 1, -1, 1, -1, 1, -1, 1, -1, 1, -1, 1, -1, 1, -2, -11, -19, 2, -1, 1, -2, -4, -1, 1, -1, 1, -3, 2, 22, 2, 1, 1, -1, -7, -1, -19, -1, 1, -1, 2, 5, 1, 2, -1, 22, 669, 2, 1, -1, 1, 3, 3, 1, -6, -11}"
43/11,20,93,"{2, 9, 6, 3, -2, 1, -1, 1, -1, 1, -1, 1, -1, 1, -1, 1, -1, 1, -1, 1, -1, 1, -1, 1, -2, 1, 47, 1, 17, -10, 1, 1, -11, 41, 1, -1, 1, -434, -1, -1, 1, -2, 1, -46, 13, -2, -11, 4, -3, -16, -3, 1, -1, -1, -1, -8, 6, 5, -3, 1, 1, 1, 1, -1, -6, -4, 1, -1, 1, -1, -5, -31, 1, -2, 1, 1, 1, -1, 1, -1, 1, 293, -1, 1, 3, 1, 1, 22, 1, -1, 3, -1, -11}"
1/12,2,2,"{-12, 1}"
5/12,3,3,"{4, -3, 1}"
7/12,3,3,"{6, -2, 1}"
11/12,3,3,"{12, 1, -1}"
13/12,3,3,"{12, -1, 1}"
17/12,5,5,"{-3, 2, 2, -1, 1}"
19/12,5,5,"{3, 8, -1, 1, -2}"
23/12,5,5,"{-2, 6, 1, -1, 1}"
25/12,5,5,"{2, 6, -1, 1, -1}"
29/12,7,7,"{1, 144, -1, 1, -1, 1, 1}"
31/12,7,7,"{6, 190, 1, -1, 1, -1, -8}"
35/12,9,9,"{1, -18, 2, -1, 1, -1, 1, -2, 30}"
37/12,9,9,"{78, 1, -8, -1, 1, -1, 1, -1, 2}"
41/12,9,9,"{60, -1, 1, -1, 1, -1, 1, -1, 60}"
43/12,14,15,"{1, 2, 8, -2, 1, -1, 1, -1, 1, -1, 1, -1, 3, -35656, 27}"
47/12,21,91,"{1, 1, 2, 6, 1, -1, 1, -1, 1, -1, 1, -1, 1, -1, 1, -1, 1, -1, 1, -1, 1, -1, 1, -1, 1, 2, -1, 1, -4, 1, -1, 1, 2, -1, 1, -1, 87, -1, 1, 1, -31, 1, -4, 4, 18, -1, -33, 8, 1, 2, 2, -1, 1, -3, 2, 1, -1, 2, -3, -1, 1, -1, 1, -1, -2, 1, -1, 5, 1, -2, -1, 1, 4, -1, 1, -1, 1, -4, 2, -5, 1, 2, -26, -1, 9, -2, -6, 2, -1, 1, 12}"
1/13,2,2,"{-13, 1}"
2/13,3,3,"{13, -7, 1}"
3/13,3,3,"{13, 4, -1}"
4/13,3,3,"{13, 3, -1}"
5/13,5,5,"{-13, 8, -9, -1, 2}"
6/13,3,3,"{13, 2, -1}"
7/13,3,3,"{13, -2, 1}"
8/13,5,5,"{13, -5, 9, -1, 2}"
9/13,5,5,"{13, -3, 1, -3, 13}"
10/13,5,5,"{-13, 4, 4, 1, -1}"
11/13,5,5,"{1, -1, -13, -1, 1}"
12/13,3,3,"{13, 1, -1}"
14/13,3,3,"{13, -1, 1}"
15/13,5,5,"{1, -1, 13, -1, 1}"
16/13,5,5,"{13, 4, -1, 1, 52}"
17/13,5,5,"{13, 29, 1, -1, 3}"
18/13,7,7,"{-39, 7, -1, -1, 3, -1, 1}"
19/13,5,5,"{13, 2, -1, 1, 26}"
20/13,5,5,"{13, -2, 1, -1, 26}"
21/13,5,5,"{-39, 6, -1, 1, -2}"
22/13,7,7,"{2, 26, 1, -1, 2, -1, 39}"
23/13,7,7,"{1, 65, 1, -1, 1, 2, -26}"
24/13,5,5,"{-26, 3, 1, -1, 1}"
25/13,5,5,"{13, 1, -1, 1, 13}"
27/13,5,5,"{13, -1, 1, -1, 13}"
28/13,7,7,"{1, -13, 1, 3, -1, 1, -1}"
29/13,8,9,"{1, -2, 13, -3, 1, -1, 1, -9, 13}"
30/13,7,7,"{13, 3, -2, 1, -1, 1, -130}"
31/13,9,9,"{3, -13, 3, -1, 2, -1, 1, -1, 611}"
32/13,9,9,"{13, 2, -8, 1, -1, 1, -1, -1, -195}"
33/13,9,9,"{13, -2, 8, 1, -1, 1, -1, -6, -52}"
34/13,5,5,"{104, 1, -1, 1, -1}"
35/13,7,7,"{52, -4, 1, -1, 1, -1, -299}"
36/13,7,7,"{104, 19, 1, -1, 1, -1, 2}"
37/13,9,9,"{13, 7, -2, 1, -1, 1, -1, 4, 65}"
38/13,10,151,"{1, 1, 1, 1, 1, 1, -5, 1, -1, 1, -1, 1, 1, -13, 1, -1, -1, 1, 1, -1, -1, 1, 2, 2, 1, -2, 1, -5, -120, -1, 1, 1, -1, -1, -1, -2, -1, -3, 2, -1, 2, -3, -1, -2, 1, -6, -5, -1, -1, -2, -1, -3, 1, -3, 1, -4, -1, -1, 2, -1, 5, -2, 4, -4, -5, -2, -12, 2, -2, -1, -3, -5, 2, -1, -1, 2, 1, 1, 1, 1, -2, 2, -1, 2, -1, 4, -1, 1, 1, 1, -2, 13, 3, 1, 1, 1, -2, 1, -83, 5, 3, 1, -10, -1, -1, -1, 18, 1, 2, 4, -2, 7, -1, -2, -37, 1, -14, -2, 6, -8, 188, -1, -46, -4, 1, 9, 2, 1, -1, -3, -4, -2, 5, 1, -3, -15, -2, 2, 2, -1, 2, 1, -13, 10, -8, -1, -1, -1, 43, 1, 13}"
40/13,10,11,"{2, -6, -11, 1, -1, 1, -1, 1, -3, -1040, -1346}"
41/13,10,125,"{1, 1, 1, 1, 1, 1, 1, -1, 1, -1, 1, -1, -4, -13, -4, -1, 1, 2, -1, -9, 1, -2, 1, -1, -1, 4, 4, 1, 2, -2, 2, 2, 1, -4, 6, 1, -1, -2, 1, -1, -2, -1, 5, -1, 1, -280, 15, -1, 1, -54, 1, -1, -1, 2, 2, -1, -3, 3, -1, 1, -3, 1, -1, 3, 5, 8, 2, 2, -1, 1, 1, -69, -1, 169, 117, -1, 1, 1, 17, 1, -1, -1, 4, 1, 1, -5, 1, 29, 3, -1, 1, -9, -4, -2, 17, 1, -6, -1, 1, -2, -1, 2, -9, -1, -3, 3, -2, -2, 3, 1, 1, 2, -1, -1, -1, 7, 2, -1, -8, 1, -1, -1, 11, -6, -13}"
42/13,9,9,"{13, 1, -1, 1, -1, 1, -1, -13, -94}"
43/13,11,127,"{1, 1, 1, 1, 1, 2, -3, 1, -1, 1, -1, 1, -1, 6, -18, -1, 1, 4, 1, -1, -2, -1, 2, 2, 6, 1, 3, -1913, -3, -6, 1, -2, 1, 2, -1, 3, -1, 1, 1, -2, 4, 1, 3, 3, 1, -5, 1, -1, -1, 1, -2, 1, 3, 3, -1, 1, -2, 2, 7, -1, -1, -7, 2, -1, 47, 1, -1, 45, 25, 1, 2, -1, -3, 1, 1, 1, -2, 34, 1, -9, 2, -1, 2, 3, 20, 1, -3, -8, -1, 1, -1, -1, 6, 3, 6, -1, 1, -2, 2, -1, 1, 58, -1, 3, -16, -3, 1, 73, -1, 2, 2, -9, 7, 2, -2, -8, 1, 8, -1, 1, -7, -3, -1, 4, 1, 1, 39}"
44/13,11,165,"{1, 1, 1, 1, 1, -8, -3, 1, -1, 1, -1, 1, -1, 1, 1, -1, -1, -3, -3, 1, 10, 1, 2, 3, -1, 1, -3, 1, -1, 16, 3, -1, -1, 97, 1, -1, 2, 18, 5, 2, 2, -1, 1, 16, -1, -3, -1, 1, 11, -1, -1, 1, -9, 1, -1, 39, 11, -1, -1, -1, 44, 12, 1, 1, -5, 1, -1, 1, 3, 2, -4, -1, 3, -1, 1, -45, 25, 9, 1, 2, 1, 1741, 1, 6, 1, -1, 8, 4, -1, 2, -1, -2, -1, 1, -1, -4, 1, -3, 1, -1, -2, 1, 4, -1, -2, -1, 1, 1, 1, 1, 1, 330, -1, -1, -2, -3, 1, 1, -5, 5, -1, -11, -1, -44, -1, -2, -3, 2, -1, 1, -3, -2, 2, -3, 1, 1, -1, 1, 1, -2, -2, 1, -5, -2, 1, -13, -7, 1, 1, -7, -17, -1, 3, -1, 1, 2, 1, 3, -1, 1, 11, -4, 1, -8, 13}"
45/13,12,175,"{1, 1, 1, 1, 1, -1, -3, 1, -1, 1, -1, 1, -1, 1, -3, -1, 1, 66, -1, 32, -2, -1, 6, 1, -1, 3, -1, 1, 1, -9, 1, -5, 2, -1, 1, 3, 264, 2, -20, -1, 2, 10, 2, -1, 1, -1, -22, -2, 1, -1, -1, 3, -5, 1, -1, -2, 1, -1, 5, 1, -1, 1, -8, 1, -1, -11, 1, -2, -1, -1, 75, 1, 4, -5, -3, -1, 1, 2, -1, -2, 2, -11, 13, 5, -1, -4, 1, -1, 1, 6, -1, -6, -1, -1, 2, -1, 1, -1, -4, -1, 1, 5, 1, -1, -1, 1, 1, -3, -2, 2, 3, -1, -2, -1, -8, -2, 1, 1, -3, -1, 20, -1, 23, 1, -8, 11, -1, 1, -7, 1, -2, -21, 1, 2, -1, 1, -1, -4, -1, 9, -1, 1, -1, -40, 1, -1, 1, 46, -1, -3, 7, -3, 1, 17, 1, -1, 1, 91, -2, 1, -1, -6, -5, 2, -1, -12, 1, -1, -4, -1, 1, 2, -1, 78, -3}"
46/13,12,125,"{1, 1, 1, 1, 1, 12, -1, 1, -1, 1, -1, 1, -1, 1, -26, -1, 1, 2, -1, 1, 1, 5, 1, 10, -3, -1, -2, 1, -1, 1, 1, -1, -1, 1, 1, -2, -1, 1, -1, 2, 1, -1, -1, -1, 13, 2, 6, 4, 2, 1, -1, -5, 2, -1, 1, -12, 13, -1, 1, -1, -3, 1, 1, -22, -1, -2, 1, -1, 1, -41, -3, 1, 1, 1, 10, -1, -14, -7, -1, 13, 2, 1, -1, 1, -3, 1, 1, -1, -1, -1, 1, -1, 2, -1, 1, -1, 2, -1, -1, 2, 1814, 2, -1, 1, -2, -2, -1, 1, -36, -885, 1, -1, 5, -2, 21, -1, -2, -49, -1, 1, -1, -3, 17, -1, 26}"
47/13,13,107,"{1, 1, 1, 1, 4, -1, -11, 1, -1, 1, -1, 1, -1, 1, -1, 1, 6, -1, 2, 1, -2, 1, -1, 1, -1, -1, 3, -42, -1, 2, -1, 1, -1, -3, -20, -1, -26, 1, -1, -1, -52, 2, -1, 1, 3, -6, 1, -1, 1, 2, -13, 1, 14, 8, -11, -1, -19, 4, 1, -1, -2, -1, 3, 5, 1, -14, -1, -1, 2, 1, 1, -1, 2, -1, -2, 1, -1, 1, -9, -1, 1, 7, -1, 1, -1, -2, -89, -1, -3, -1, 1, -3, -74, 2, -1, -1, 1, 1, -1, -14, -6, 1, 1, 1, -25, -13, 2}"
48/13,15,117,"{1, 1, 1, 1, -3, -2, 3, -1, 1, -1, 1, -1, 1, -1, 1, -1, 1, 13, 2, 1, 1, 1, 4, -1, 1, -1, -1, 4, -1, 1, -5, -1, 1, -2, 1, 6, -2, 1, -1, -1, 1, -1, 1, 1, 1, -6, 3, -1, 1, 2, -1, 1, 910, -2, 1, 2, 1, -1, 1, -26, 1, 14, -5, 5, -1, -2, 88, 2, -1, 1, -1, -27, -11, 3, -3, 2, 1, -1, 39, -18, 1, -3, 2, 12, 4, 1, -1, 3, 14, 1, -1, 1, 1, -1, 1, -1, -4, -10, -3, 3, 1, -1, 1, 5, -1, 1, -8, -6, -8, -2, -14, 1, -1, 1, -7, 13, -2}"
49/13,16,95,"{1, 1, -1, -1, -12, 10, -5, 1, -1, 1, -1, 1, -1, 1, -1, 1, -1, 1, -1, -3, 1, -1, -60, 1, -1, -2, 1, -1, -45, 3, -13, 12, -1, 1, -1, -5, -3, -3, -1, -13, 3, -1, 1, -1, -4, 91, -1, 1, 1, 2, -1, -1, -1, -1, -1, 25, -1, 1, 1, -12, 4, 38, 89, 1, -1, 1, -1, 1, 2, -1, 7, 2, 1, 2, -10, 1, -1, -1, 1, -1, -1, -1, 1, -1, 2, -3, -5, -25, 6, 1, -13, 1, 320, 13, -7}"
50/13,17,147,"{1, 1, 7, 10, 4, -13, -1, 1, -1, 1, -1, 1, -1, 1, -1, 1, -1, 1, -1, 1, -1, -10, -1, -3846, -1, 1, -1, -1, 1, -1, -11, 1, -2, 17, -1, 22, 6, -1, -1, 1, 1, -1, 6, -3, 2, -1, 1, -7, -1, 1, 13, -6, 1, 4, 1, -1, 1, -1, 68, 73, -1, 1, 2, -1, -28, -1, -5, 1, 1, -2, 1, -20, -1, 1, 3, 33, -1, -3, 6, -11, -4, 1, -24, 3, -1, 1, -1, 1, -2, 1, -1, -1, -1, 2, -3, 1, 1, -1, -1, -1, 2, 1, -1, 1, 1, -1, -1, -1, 1, -7, -11, -1, 1, -2, 1, -1, 2, -10, 1, -1, -1, 2, -9, -1, -2, 8, 98, -32, -30, -2, 3, -3, 1, -3, 1, -1, 1, -1, 1, -4, -78, 69, -1, 3, -4, -5, -52}"
51/13,22,∞,Unknown
1/14,2,2,"{-14, 1}"
3/14,3,3,"{14, -5, 1}"
5/14,3,3,"{14, -3, 1}"
9/14,3,3,"{2, -1, 7}"
11/14,5,5,"{7, -4, 5, 1, -1}"
13/14,3,3,"{14, 1, -1}"
15/14,3,3,"{14, -1, 1}"
17/14,5,5,"{1, 4, -1, 1, -119}"
19/14,5,5,"{14, -3, 1, -1, 42}"
23/14,7,7,"{1, -1, 1, 1, 7, -1, 14}"
25/14,5,5,"{2, 1, -1, 1, -126}"
27/14,5,5,"{-2, 7, 1, -1, 1}"
29/14,5,5,"{2, 7, -1, 1, -1}"
31/14,7,7,"{3, -4, 1, -1, 1, -6, -315}"
33/14,9,9,"{-35, 4, -1, 5, 1, -2, 1, -1, 1}"
37/14,7,7,"{14, -11, 1, -1, 1, -1, -238}"
39/14,7,7,"{4, 7, -2, 1, -1, 1, -1}"
41/14,10,9,"{4, -14, 2, 1, -1, 1, -1, 1, 406}"
43/14,10,11,"{2, -7, 3, -1, 1, -1, 1, -1, 21, -1, 574}"
45/14,10,11,"{14, -3, 3, 1, -1, 1, -1, 1, -1, 2728, -14}"
47/14,12,93,"{1, 1, 1, 1, 3, -1, 1, -1, 1, -1, 1, -2, 1, 2, -9, 4, -1, 3, 1, -1, -1, -1, -1, -4, -3, 1, -6, -1, -1, 44, -3, -1, 5, -2, -1, 2, 2, 1, -3, -1, 1, -15, 1, -3, 1, -1, -2, 1, -1, 1, 2, -1, -1, 1, 1, 1, -4, -1, 3, -1, 1, -39, 1, 1, -3, -1, -2, -6, 7, 2, -3, 1, -3, -5, -1, -2, 4, -2, 1, 1, -1, 6, 7, 1, -6, -1, -1, 1, -3, -6, -1, -31, 14}"
51/14,14,27,"{1, 1, 1, 1, -1, 1, -1, 1, -1, 1, -1, 1, -1, -1, 15, 3, -1, -161, 2, -9, -1, -3, -30, -1, 1, 16, 119}"
53/14,17,135,"{1, 1, 1, -2, 10, -1, 1, -1, 1, -1, 1, -1, 1, -1, 1, -1, 1, -2, 1, 1, 1, 1, -2, 4, 2, -30, 1, -1, 2, 20, -2, -1, 2, 2, -1, -26, -1, 4, -1, 4, -2, 1, 8, -1, 1, -1, 2, 9, -1, -5, 1, -1, 1, -45, 1, -3, 1, -1, 1, -15, 1, -4, 1, -1, 2, -4, 2, -1, 3, -1, 1, 1, -1, 1, -1, 1, 25, -1, -4, -11, -2, 1, -1, 1, 2, -7, 1, 4, -1, 1, -3, 2, -1, 2, -3, -6, 1, 1, -1, 1, -2, 1, -1, -2, 10, -1, 1, -1, -1, -575, -1, 1, -2, -4, 34, 7, -1, 1, -1, 1, 3, 4, -1, 1, -1, -1, 1, -1, 1, -2, -1, 2, 1, 7, -40}"
55/14,23,137,"{1, 2, -4, -10, 10, -1, 1, -1, 1, -1, 1, -1, 1, -1, 1, -1, 1, -1, 1, -1, 1, -1, 1, -1, 1, -1, 1, -2, 1, 1, -3, 1, -1, 1, -1, 1, -1, 1, -1, -6, -1, -3, 7, -3, 8, -1, 2, 88, 9, -26, 2, -7, 1, 1, -7, -2, -2, -1, 1, 16, 3, -1, -5, 1, -3, -2, 1, -2, -1, 2, 1, -1, 1, -1, 3, -2, 1, -1, 1, 7, 8, 7, -1, -6, 4, 1, -1, -1, 1, 1, 20, 1, 2, 4, 2, -2, 1, -6, 4, 1, -1, -1, 7, -1, 13, -3, 3, -4, 1, -1, 3, 1, -2, 2, 1, -1, 3, -1, 1, -1, 6, -1, 1, 3, -2, 1, 4, -1, 1, -121, -1, 1, -1, 1, -4, -7, 3}"
1/15,2,2,"{-15, 1}"
2/15,3,3,"{15, -8, 1}"
4/15,3,3,"{15, -4, 1}"
7/15,3,3,"{15, 2, -1}"
8/15,3,3,"{15, -2, 1}"
11/15,5,5,"{-3, 10, 2, -2, 1}"
13/15,5,5,"{1, -1, -6, -1, 5}"
14/15,3,3,"{15, 1, -1}"
16/15,3,3,"{15, -1, 1}"
17/15,5,5,"{1, -1, 15, -1, 1}"
19/15,5,5,"{5, 48, -1, 1, -4}"
22/15,5,5,"{-3, 5, 2, -1, 1}"
23/15,5,5,"{3, 20, -1, 1, -2}"
26/15,5,5,"{3, -1, 1, -2, -30}"
28/15,5,5,"{-165, 2, -1, 1, -2}"
29/15,5,5,"{15, 1, -1, 1, 15}"
31/15,5,5,"{15, -1, 1, -1, 15}"
32/15,5,5,"{30, -4, 1, -1, 1}"
34/15,7,7,"{-10, 1, -27, -1, 1, -1, 2}"
37/15,9,9,"{20, -1, 18, 7, -1, 1, -1, 1, 1}"
38/15,7,7,"{1, 165, 1, -1, 1, -1, -3}"
41/15,9,9,"{60, 1, 1, -1, 1, -1, 1, 1, 60}"
43/15,10,9,"{10, -3, 1, 1, -1, 1, -1, 1, 120}"
44/15,9,9,"{4, -50, 1, -1, 1, -1, 1, 2, -51}"
46/15,9,9,"{1, 230, 3, -1, 1, -1, 1, -1, 40}"
47/15,11,39,"{1, 1, 1, 1, -2, 1, -1, 1, -1, 1, -10, 1, 7, -4, 3, -1, -2, 1, -1, 3, 2, 1, -1, 7, -1, 2, -3, -2, 1, -3, 51, 6, 1, -5, -8, -1, -1, 1, 105}"
49/15,10,11,"{2, -6, 1, -1, 1, -1, 1, -1, 17184, -1, 10}"
52/15,13,97,"{1, 1, 1, 1, 1, -1, 1, -1, 1, -1, 1, -1, -1, -1, -6, -11, 1, 1, 1376, 2, -1, 638, 1, 31, 4, -1, 1, -1, -2, -2, 1, -2, -2, -1, 1, -1, -13, 1, -1, 1, 2, -1, 13, 5, 1, -1, -7, -4, -1, 3, -1, 1, -3, 1, -1, 2, -1, 3, -1, 1, -1, 4, -1, -1, 5, -1, 1, -1, -1, -1, 1, 14, -2, -1, 5, -1, 1, -1, -2, 1, -1, -3, 1, 2, -96, -1, 1, 1, -1, -2, -1, -13, -2, 3, -10, 4, -15}"
53/15,12,107,"{1, 1, 1, 1, -1, 1, -1, 1, -1, 1, -1, 2, 2, -2, -2, -1, 1, 1, 4, -1, -1, 1, -1, 9, -1, 1, 1, -1, 2, 271, 3, -1, 1, 2, -2, 2, 5, 1, 1, 4, 1, 2, -1, 1, 4, 2, -1, 1, -2, 1, -1, 1, 1, 9, -2, -1, 1, -1, -3, -1, 2, -5, 5, 1, -1, -9, -2, 3, -3, -1, 1, -1, -2, 1, -1, 1, -2, -3, -1, -3, -1, -37, -3, -3, 5, -1, 1, -3, 1, -1, 1, 4, -1, -1, 3, -65, 1, -1, 1, 1, 5, 35, -4, 1, 2, 2, -15}"
56/15,15,123,"{1, 1, 1, -10, 12, -1, 1, -1, 1, -1, 1, -1, 1, -1, 1, -1, -33, -1, 1, -2, -2, 1, -1, 1, -2, -3, -2, 6, -2, 1, 2, 1, 2, -1, 1, 3, 1, 14, 224, 7, 6, -1, 26, 2, -1, 3, -6, -1, -1, -1, 2, 4, -1, -1, 2, -1, 1, -1, -7, 1, -5, -2, 1, -1, -13, 3, -1, 1, 10, -1, -1, 1, -1, 1, 3, -1, 1, 14, 3, 1, 1, -3, 1, -1, 1, -1, -166, 2, -97, -1, 1, -1, -1, -1, 1, -1, 1, 1, -9, 1, 1, -6, -5, 1, 2, -1, 1, -3, 2, -1, -1, 2, 2, -1, 2, -3, -1, 1, -2, 2, -11, 3, -5}"
58/15,17,59,"{1, 1, 1, -2, 6, -1, 1, -1, 1, -1, 1, -1, 1, -1, 1, -1, 1, -1, 1, -1, 1, -32, 1, -1, 1, -1, -49, -1, 7, 10, -1, -1, -3, -15, -1, 1, 15, -2, -12, 1, 7, 8, -6, -1, 2, 1, -2, -39, 1, -3, 1, 2, 1, -1, 11, 2, -49, 2, 60}"
59/15,24,155,"{1, -1, -1, -14, 5, -1, 1, -1, 1, -1, 1, -1, 1, -1, 1, -1, 1, -1, 1, -1, 1, -1, 1, -1, 1, -1, 1, -1, 4, -1, -10, 1, -1, 1, -1, 1, -1, -1, 5, -1, 1, -1, 1, -50, 1, -1, 1, -2, -1, -1, -7, 69, -1, 1, -1, 35, -20, 1, -1, 1, 3, 1, 11, -1, -3, 1, -1, 1, -1, 1, -1, -1, 1, 8, -1, 2, 2, -3, -1, 1, 3, 1, -1, 1, 1, 1, -21, -9, -1, -1, -1, 1, -1, -4, 2, -1, 1, -1, 1, -1, 12, -5, 3, -1, 1, -1, -5, -1, 1, -2, -2, -170, -1, 2, 51, -1, 3, -5, 1, 11, 1, -4, 1, -2, 3, 1, -1, 1, -1, 33, -1, 1, -1, 1, -1, 1, -1, -12, 15, 104, -1, 1, -1, 1, -2, -11, -1, -8, -3, 13, -4, -3, 1, 1, 15}"
1/16,2,2,"{-16, 1}"
3/16,3,3,"{16, 5, -1}"
5/16,3,3,"{16, 3, -1}"
7/16,3,3,"{8, 2, -1}"
9/16,3,3,"{8, -2, 1}"
11/16,5,5,"{1, -1, -3, -8, 2}"
13/16,5,5,"{-4, 4, 5, 1, -1}"
15/16,3,3,"{16, 1, -1}"
17/16,3,3,"{16, -1, 1}"
19/16,5,5,"{2, -8, 1, -1, 16}"
21/16,5,5,"{-4, 4, 3, -1, 1}"
23/16,5,5,"{8, 2, -1, 1, 16}"
25/16,5,5,"{8, -2, 1, -1, 16}"
27/16,7,7,"{4, 1380, -1, 2, -1, 1, 25}"
29/16,7,7,"{2, 8, 1, -1, 1, 4, -4}"
31/16,5,5,"{-2, 8, 1, -1, 1}"
33/16,5,5,"{2, 8, -1, 1, -1}"
35/16,7,7,"{2, -8, 1, -1, 1, -4, -4}"
37/16,7,7,"{8, -2, 2, -1, 1, -1, -48}"
39/16,9,9,"{-8, 2, -28, 5, -1, 1, -1, 2, -1}"
41/16,7,7,"{-528, 1, -2, 1, -1, 1, -2}"
43/16,9,9,"{208, 1, 1, 1, 4, -1, 1, -1, 1}"
45/16,9,9,"{-16, 89, 4, -2, 1, -1, 1, -1, 10}"
47/16,9,9,"{6, -24, 1, -1, 1, -1, 1, 2, -56}"
49/16,9,9,"{1, 64, 3, -1, 1, -1, 1, -1, -496}"
51/16,9,9,"{24, -2, 1, -1, 1, -1, 1, -2, 24}"
53/16,10,193,"{1, 1, 1, 1, 1, -1, 1, -1, 1, -1, 1, 1, 13, -83, -1, 2, -1, 1, -1, -1, 1, -2, -1, 1, 30, -1, -1, -1, 1, -5, -1, -1, 1, 6, -1, -1, 1, -1, -1, -3, 1, -1, -1, 2, 1, -1, 2, -7, -2, 1, -1, -9, -3, 1, -4, -1, -1, 2, 3, 4, -1, 1, -3, 1, 1, -4, 1, -3, -1, 1, -1, -1, 2, 1, 5, -7, 1, -1, 1, 1, -1, -1, -2, 1, 1, -5, 1, 5, 1, 3, -1, 1, -2, 1, -1, 4, -1, 2, -1, 1, -2, 88, -1, -1, -2, 46, -1, -4, 1, -2, -2, 2, 1, -5, 2, -1, -2, 76, -1, 2, -3, -1, 4, -2, -1, 2, -39, -2, 2, 1, 1, 12, 1, -3, 2, -1, -5, -16, -1, -1, 1, -2, 1, -1, 1, 1, -1, 5, -4, -3, 1, -47, -8, 4, -1, 8, -1, 1, -3, -2, 1, -1, 1, 1, -1, -2, 1, -1, 2, -1, 1, 1, 2, -1, -1, -4, -1, 1, 7, -1, -1, -1, -4, 2, -1, 1, -34, 113, 1, 2, -1, -1, 208}"
55/16,12,53,"{1, 1, 1, 1, 1, -1, 1, -1, 1, -1, 1, -2, 1, -1, -6, -1, -2, 1, -1, 2, -1, 2, -1, 1, -2, 1, -7, -2, 3, 2, 1, -1, 2, -2, -1, -2, -2, 441, -2, 2, -1, -3, -4, 1, -16, -32, -2, 2, -2, 9, -2, -1, -16}"
57/16,13,153,"{1, 1, 1, 1, -10, 1, -1, 1, -1, 1, -1, 1, -1, 2, 1, -1, 1, -42, -2, -1, 5, -1, 1, -1, 2, 1, -2, -2, 1, 4, 1, -3, -13, 8, 1, 3, -1, -2, 2, -1, 1, -11, -1, -1, 1, -1, -2, 1, -2, 1, -2, -2, 1, -1, 1, 2, -2, 1, -1, -2, 6, -1, 1, 1, 1, -77, 3, 1, -1, 1, 2, 1, -1, 4, -5, -5, -2, 2, -1, -1, 1, -3, 1, -9, -1, 75, -23, -1, 2, -4, 6, -1, 2, 2, 1, -8, 1, -1, -2, 1, -2, -2, -2, 1, -1, 2, -1, 1, -1, 1, 1, -1, 8, -2, 1, -1, 2, 1, -1, 1, -52, 12, 2, -7, 1, -1, 1, 2, -1, 1, -1, 4, -2, 1, 1, -1, 1, 1, 14, 1, -1, 16, -1, 6, 2, -3, 1, 1, 2, -7, 1, -32, 1}"
59/16,14,115,"{1, 1, 1, -4, 4, -1, 1, -1, 1, -1, 1, -1, 1, -1, 1, 8, 3, 9, 2, -1, 1, -2, 1, -2, -1, 4, -1, 1, 1, -1, -4, 1, -1, 7, -1, 1, -1, 1, -2, 1, -1, 1, 5, 3, -2, 10, 1, -1, 1, -4, -2, 1, -1, 6, 1, -1, -24, -3, -4, 1, -3, -1, 2, 1, -1, 1, -9, 18, 1, -2, -1, 12, 1, 1, 6, 1, -7, -2, 1, 8, 1, -1, -1, -47, -1, -2, 1, -1, 1, -1, 16, 7, -2, 2, 2, 1, -4, -1, 1, 1, 2, 1, -1, 3, -2, 1, -3, -1, -10, 2, -1, 1, 8, -1, 80}"
61/16,17,115,"{1, 1, 2, -7, -2, 1, -1, 1, -1, 1, -1, 1, -1, 1, -1, 1, -1, 1, -8, -1, -2, 2, -2, -2, 2, -37, -2, -1, 385, -1, -1, -1, 1, -1, -1, 1, -1, 1, -10, -1, 1, 8, 1, 10, -6, 1, -1, 1, -1, 2, 2, -5, 3, 1, 1, 1, -1, 2, -1, 1, -3, 4, -1, 4, -4, -4, 10, -6, 2, -1, 1, -1, 2, -3, 2, -1, 1, -1, 1, 2, 2, -5, -1, 6, 27, 1, -1, 1, 20, 1, 1, -2, 1, -1, -1, -1, -1, 1, 2, 12, 1, -77, 1, 1, -2, 7, 1, -1, 2, 14, -1, 2, 7, -4, 4}"
63/16,25,125,"{1, -4, 3, 14, -4, 1, -1, 1, -1, 1, -1, 1, -1, 1, -1, 1, -1, 1, -1, 1, -1, 1, -1, 1, -1, 1, -1, 1, -1, -6, 243, -2, 2, 5, 4, 38, -1, -42, -3, 2, 1, -2, 1, 1, -1, 1, -1, 1, -2, 3, -6, -1, 1, -4, -1, -4, 3, 8, -223, -3, -2, -8, -1, 3, 6, 1, -1, 3, -1, -2, 1, -1, 1, -2, -42, 1, 2, -1, -2, -1, 1, -1, 1, 1, -1, -1, 75, 1, 1, 32, 1, -1, -5, -1, 1, -1, 1, -1, 1, 2, -3, 4, 3, 1, 1, 1, -1, 1, -2, -21, -8, 3, 6, 1, -3, 2, 1, 1, 1, -1, -2, 1, -11, -6, -24}"
1/17,2,2,"{-17, 1}"
2/17,3,3,"{17, -9, 1}"
3/17,3,3,"{17, -6, 1}"
4/17,3,3,"{17, 4, -1}"
5/17,5,5,"{17, -7, 9, 3, -1}"
6/17,3,3,"{17, -3, 1}"
7/17,5,5,"{1, -2, -17, -1, 2}"
8/17,3,3,"{17, 2, -1}"
9/17,3,3,"{17, -2, 1}"
10/17,5,5,"{17, 158, 2, -1, 11}"
11/17,5,5,"{17, 3, 1, -1, -51}"
12/17,5,5,"{17, -10, 5, -1, 2}"
13/17,5,5,"{17, -4, 1, -2, 34}"
14/17,5,5,"{17, 6, 1, -1, -102}"
15/17,5,5,"{1, -1, -17, -1, 1}"
16/17,3,3,"{17, 1, -1}"
18/17,3,3,"{17, -1, 1}"
19/17,5,5,"{1, -1, 17, -1, 1}"
20/17,5,5,"{17, -6, 1, -1, 102}"
21/17,5,5,"{17, 4, -1, 1, 68}"
22/17,7,7,"{1, -1, 17, 4, -1, 1, -17}"
23/17,5,5,"{17, -3, 1, -1, 51}"
24/17,7,7,"{1, -1, 2, 2, -2, -17, -1}"
25/17,5,5,"{17, 2, -1, 1, 34}"
26/17,5,5,"{17, -2, 1, -1, 34}"
27/17,7,7,"{85, 1, -7, -2, 2, -1, 1}"
28/17,8,7,"{9, -17, 2, -1, 1, -5, -68}"
29/17,5,5,"{119, 1, -2, 1, -1}"
30/17,8,9,"{-17, 4, 12, -9, 2, -3, 1, -1, 2}"
31/17,8,9,"{2, -4, 17, -1, -2, -1, 1, -1, -1258}"
32/17,5,5,"{-34, 4, 1, -1, 1}"
33/17,5,5,"{17, 1, -1, 1, 17}"
35/17,5,5,"{17, -1, 1, -1, 17}"
36/17,7,7,"{1, -17, 1, 4, -1, 1, -1}"
37/17,7,7,"{1, 85, 1, -1, 1, -3, 34}"
38/17,7,7,"{153, 8, 1, -1, 1, -2, 833}"
39/17,8,9,"{1, -12, 2, -1, 1, -1, 51, 1, 1700}"
40/17,9,9,"{9775, 1, -15, -1, 1, -1, 1, 1, -2}"
41/17,7,7,"{85, -1, -1, 1, -1, 1, 204}"
42/17,9,337,"{1, 1, 1, 1, 1, -1, 1, -1, 18, 1, -8, 1, -2, -2, 2, 5, -1, -2, 1, -7, -3, 3, 1, 5, 1, -3, 2, 5, -1, -1, 3, 24, 1, -2, -2, 1, 1, -4, 10, -1, 3, 3, -14, 3, -3, -1, -1, -2, 3, -3, -1, -1, -4, 5, 3, 1, 1, -2, -1, -5, -1, 8, 1, 2, -1, -4, -1, -9, 1, 1, -406, -1, -1, -5, 3, -1, 6, 20, 2, -2, -1, -1, 27, -1, 3, -2, -7, -3, 4, -2, 1, -4, -1, -6, 1, 1, -3, 1, 12, -7, 4, 9, 4, 1, 2, -2, -2, -2, -1, 2, 2, 1, -5, 2, 2, 2, 4, 16, 1, -3, -1, -11, -1, -1, -2, 1, -3, 1, -2, -3, 1, 3, 6, -2, 4, -1, -13, -2, 3, -2, 1, -3, 3, 14, -10, 1, -92, 2, -1, 2, 1, 1, -33, 3, 1, -3, 1, -4, -20, -1, -2, 2, 5, -8, 1, -4, -2, 2, 5, -2, 2, 27, 3, -1, -8, 2, -1, -3, 1, 1, 2, 26, -1, -4, -2, 1, 4, -1, 19, -1, -2, 1, 1, 2, 2, -2, 1, 2, -1, -4, 1, 2, 1, 2, -6, 9, 1, -3, 2, 1, 2, -1, 2, 1, -3, 3, 2, -4, 2, -9, 1, 27, 314, -2, 1, 19, 1, -9, 1, -34, -1, -5, 3, 2, -1, 10, -2, -11, -1, -2, -1, -3, 1, -4, -1, -34, 1, -4, 4, 2, -2, 2, 2, -1, -1, -3, -3, 5, -10, 1, -3, 5, -1, -1, 2, 2, -2, -1, -1, -17, -1, -4, -2, 1, -95, -2, 1, 6, 3, -2, -4, -6, -2, 1, -38, -1, -3, -1, -21, 13, -1, -1, 8, -5, 2, 2, -1, -36, 1, 1, -4, -1, -1, -2, -1, -1, 7, -16, -3, -3, -1, -15, 1, -2, -2, -16, 1, 5, 1, 2, -2, 2, -1, 81, 2, -1, 12, 2, -1, -1, -1, -11, 4, 12, -7, 2, 17}"
43/17,9,9,"{43, 17, 3, 1, -1, 1, -1, -48, 85}"
44/17,7,7,"{119, -9, -1, 1, -1, 1, 1819}"
45/17,7,7,"{34, 10, -1, 1, -1, 1, -527}"
46/17,9,9,"{1, -17, -3, 1, -1, 1, -1, -17, 4}"
47/17,9,95,"{1, 1, 1, 1, 5, -1, 1, -1, 1, -3, -2, -1, 1, 1, -3, 1, 14, 1, -2, -18, 2, -4, 4, -1, 25, -1, 13, 12, 1, -1, -1, 2, -4, 162, 1, 1, -2, -1, -1, -4, 1, 4, -1, 2, -1, -10, 2, 2, -1, 617, -1, -218, 41, 4, -1, 1, 1, 3, -3, 1, -5, 2, -1, 11, -73, -3, 5, 1, -2, 1, -104, -3, 3, 1, -4, 2, -1, 13, -1, -6, 2, -1, -2, 1, 1, -1, -1, -3, 1, 17, -2, 1, 11, -2, 34}"
48/17,9,9,"{1, -85, 1, -2, 1, -1, 1, -1, 476}"
49/17,9,9,"{49, -68, 1, -1, 1, -1, 1, 1, -2159}"
50/17,10,41,"{1, 1, 1, 1, 2, -1, 1, -1, 1, -2, 1, -2, 1, 1, -3, -288, 1, 1, -2, 1, -1, -1, -10688, -1, -2, 1, -1, -1, 4, -1, -7, 1, 6, -2, -1, -198, -3, 6123, 6, -1, -17}"
52/17,10,63,"{1, 1, 1, 1, -7, 1, -1, 1, -1, 1, -5, -1, -1, 2, -4, 2, -1, 2, 2, 2, 2, -1, -4, -142, -5, 1, -13, -5, 2, -5, -2, 1, -1, -3, -2239, -1, 63, -11, -3, 1, -1, -1, 1, -20, -1, 3, 1, -2, 1, -1, 17, -1, -12, 3, 6, -3, -5, -9, 2, -3, 6, -1, 17}"
53/17,10,81,"{1, 1, 1, 1, -1, 1, -1, 1, -1, -2, 1, -1, -4, 1, 2, -1, 3, -1, -7, 7, -131, 1, -1, 4, -1, 1, -81, -9, 1, 1, 1, 2, -1, 20, 1, -2, 2, -14, -1, -796, 2, 3, -3, 1, -1, -1, 2, -1, 4, -1, 1, 1, 4, 1, 17, -1, 2, 1, 15, 2, -1, 5, 2, -1, 2, 5, -1, 580, -2, 1, -11, -9, -2, -1, -2, 1, -1, -1, 2, 1, 3315}"
54/17,11,45,"{1, 1, 1, 7, 2, -1, 1, -1, 1, -1, 2, 2, -34, 2, 81, 1, -1, 27, -1, -23, 18, 2, -1, 244, -2, 1, 1, -1, 2, 1, 21, -1, -2, -3, 2, -1, -4, 1, 1, -16, -4, 1, -1, -7, 510}"
55/17,10,43,"{1, 1, 1, -1, 17, -1, 1, -1, 1, -1, 1, 5, 1, -1, -1, 2, -1, -2, -1, 2, -3, -3, 8, 1, -1, -6, -1, 2, -130, -2, -8, 1, 4, -7, -30, -97439, -6, 1, -4, -1, -1, -1, -68}"
56/17,11,39,"{1, 1, 2, -2, 3, -1, 1, -1, 1, -1, 1, -29, -17, 1, -5, -1, 1, -96, 1, 1, 1, 1, -2, -1, 1, 351, 1, -1, 2, 15, -9, -1, 1, 3, 1, -6, 4152, -1, 119}"
57/17,12,43,"{1, 1, -2, 3, 1, -1, 1, -1, 1, -1, 1, 2, -1, 1, 1, 1, -8, 1, -25, 2, -1, -10, -9, -53, -1, 1, -2, -1, 102, -1, 12, 7, -1, 10, 1, -1, 4, 1, -1, -1, 80, -3, 17}"
58/17,11,35,"{1, 1, 1, 7, -1, 1, -1, 1, -1, 1, -1, -5, -178, 2, -1, 2, 94, -5, 1, 1, -1, -17, 31, 1, -1, 1, 3, 1, 3, -1, -88, -1, -1, -2, -2992}"
59/17,12,61,"{1, -1, -16, -11, -1, 1, -1, 1, -1, 1, -1, 2, -1, 1, -3, 1, -5, 1, 3, 9, 5, -3, -4, 1, -1, 1, -6, 2, 1, -2, 4, 2, -1, -5, 1, -2, 8, 3, -1, -8, -3, 2, 5, 1, 2, -1, 2, 17, -1, -28, -223, -1, 1, -1, -138, -6, 50, 244, 1, 1, 323}"
60/17,11,89,"{1, 1, -6, 1, -6, 1, -1, 1, -1, 1, -1, 1, -1, -4, 1, -1, -52, -1, 1, -2, -10, 1, -1, 16, -2, 3, -1, 1, -5, -732, -10, 12, 1, -4, -3, 2, -2, 1, -1, -608, 1, 10, 1, -3, 1, -6, 2, -7, 10, 1, -1, 1942, 1, -1, -1, 23, 1, -1, 6, -5, 2, 3, 1, -1, 1, -16, 1, 1, 1, -1, -1, 3, 3, 53, -1, -7, 1, -1, 7, -1, 4, -1, 2, -1, -1, -28, 7, 5, 51}"
61/17,14,73,"{1, 2, 2, -2, -14, 1, -1, 1, -1, 1, -1, 1, -1, 1, 1, -1, -11, 1, 2, -4, 1, 3, 1, -4, -165, 13, 1, 1, 6, 1, -8, 3, -9, -3, 1, 139, -3, -1, -26, -1, -4, -3, -17, -1, 1, -5, 6, 1, -1, 1, -2, 1, -1, 2, 1, 1, -1, 7, -1, 17, -2, 1, -1, 1, -10, -1, -1, 1, -6, -1, -5, 1, 85}"
62/17,14,35,"{1, -1, 2, 1, -1, 1, -1, 1, -1, 1, -1, 1, -1, -1, -35, -1, 1, -85, -1, 1, 3, -2, -5440, -1, 1, -1, -2, 1, 1, 19, 1, 11, -1, -4, 204}"
63/17,16,29,"{1, -14, 17, -2, 1, -1, 1, -1, 1, -1, 1, -1, 1, -1, 6, -2, 1, 85, -1, 3, 1, -1, 1, -18, -1868, 627, -2, -3, 1020}"
64/17,17,55,"{17, 1, 5, -13, 1, -1, 1, -1, 1, -1, 1, -1, 1, -1, 1, -1, -2, 2, -1, -3, -28, -1, 1, -142, 98, -2, 6, -5, -1, -1, -5, -4, 1, -1, -9, 22, 1, 1, 26, -1, 1, 1, -1, 34, 2, 29, -1, 6, 1, -69, 3, -1, -9, -4, 17}"
65/17,17,77,"{1, -2, 2, -14, -4, -10, 1, -1, 1, -1, 1, -1, 1, -1, 1, -1, 1, -1, 1, -1, -2, 5, -1, -5, -43, 2, -1, 2, -1, 1, 2, -1, 1, -302, -2, 9, -3, 148, -3, -41, 1, 101, 102, -8, 2, 2, -11, 4, -4, -2, 7, -1, 2, 59, -2, 6, -3, 4, -1, -1, -30, 1, 6, -1, 1, 1, 1, 1, 1, -1, 1, -26, 3, -19, -1, 1, 102}"
66/17,18,45,"{2, -4, -11, 14, 2, -1, 1, -1, 1, -1, 1, -1, 1, -1, 1, -1, 1, -1, 1, -1, 1, -1, -4, -1, 1, 5, 9, 15, -23, -1, 1, -39423, -3, 1, 16, -1436, 5, 18, -2, -66, -1, 12, -34, 2, 34}"
67/17,25,∞,Unknown
1/18,2,2,"{-18, 1}"
5/18,3,3,"{9, -4, 1}"
7/18,3,3,"{6, -3, 1}"
11/18,3,3,"{2, -1, 9}"
13/18,5,5,"{-126, 1, -5, -1, 1}"
17/18,3,3,"{18, 1, -1}"
19/18,3,3,"{18, -1, 1}"
23/18,5,5,"{18, -2, 4, -1, 1}"
25/18,5,5,"{2, -1, 1, 6, -3}"
29/18,5,5,"{2, -1, 1, -6, -3}"
31/18,5,5,"{2, -1, 1, -3, -3}"
35/18,5,5,"{-2, 9, 1, -1, 1}"
37/18,5,5,"{2, 9, -1, 1, -1}"
41/18,5,5,"{2, -1, 1, -1, -126}"
43/18,7,7,"{-36, 2, -4, 1, -1, 1, -2}"
47/18,7,7,"{9, -1, 40, 1, -1, 1, -1}"
49/18,7,7,"{6, -1, 1, -1, 1, -5, 90}"
53/18,10,11,"{1, -3, -1, 1, -1, 1, -1, -324, -1, -3, 3}"
55/18,9,9,"{9, 16, -1, 1, -1, 1, -1, 4, -2151}"
59/18,10,11,"{9, -1, 1, -1, 1, -1, 1, -6, -3, -6, -9}"
61/18,12,151,"{1, 1, 1, 1, 1, -1, 1, -1, 1, -1, 1, -5, 1, 20, 2, 3, -4, 1, -1, 3, 1, 1, -3, -7, -1, -4, 1, 1, -1, -1, -1, 1, 2, -1, 1, -1, -1, 3, 1, 1, -1, -1, 1, -2, -6, -1, 3, -1, 2, 2, 1, -2, 1, 1, -33, 8, -1, -1, 1, -1, -2, 1, 1, -1, -1, 4, -3, -3, 1, -1, 3, 2, 3, 1, -1, 2, -3, -4, 1, 9, 2, 1, -1, -3, -1, 1, -1, -3, 1, 8, -1, 1, 2, 1, -1, 1, 5, 1, -1, -1, 5, -1, 1, -2, -1, 1, -1, -1, -4, -1, 1, -1, -3, 7, -1, -1, 78, -2, 1, -1, -2, 1, 1, 5, 2, 1, 1, 72, 1, -1, -11, -4, 2, -1, 1, 1, -1, 28, 3, -2, 1, -1, -3, 12, 2, 1, 1, -8, 1, 3, 12}"
65/18,13,125,"{1, 1, 1, 1, 1, -1, 1, -1, 1, -1, 1, -1, 1, -3, -42, -1, -4, -1, -3, -1, -2, 10, 1, -1, 2, -1, -2, 2, -1, -1, 1, -8, 1, 1, -1, 1, -3, 1, -1, 5, 1, 2, -3, -2, 1, -1, -3, -13, -1, 8, -1, -1, -1, -1, 1, -2, 2, -1, 1, 1, 3, 1, 4, 2, 1, -1, -1, 1, 9, -1, 1, -2, -2, -1, -1, 1, 2, -3, -1, 1, -1, 1, 2, 1, -5, -3, -11, 3, 1, -1, 1, -117, -2, 1, -1, 6, -1, -2, 2, -2, 1, 21, 7, -4, 17, 1, -1, 8, -5, -3, -2, 1, -1, 1, -1, -11, 1, -3, 1, -1, 1, -4, 3, 4, -36}"
67/18,16,63,"{1, 1, 1, 9, 8, -1, 1, -1, 1, -1, 1, -1, 1, -1, 1, -1, -1, -1, 7, 3, -17, 1, -1, 1, -1, 21, 1, 3, 1, 27, -1, 1, -3, -2, 1, 3, 3, 1, -3, -2, -2, 9, 2, -1, 3, -1, 1, 2, -1, 1, -2, -1, -2, -14, 1, -2, 3, 3, -1, 2, 1, -2, 63}"
71/18,26,77,"{1, 8, -7, -11, -3, 1, -1, 1, -1, 1, -1, 1, -1, 1, -1, 1, -1, 1, -1, 1, -1, 1, -1, 1, -1, 1, -1, 1, -1, 1, -2, 1, 3, -3, -1, -20, -243, 12, -44, 10, -2, -1, 3, 1, -1, 1, -1, 2, -1, -1, 6, 2, 9, -20, 8, -1, 1, -5, -1, 1, 2, -2, -4, 3, -1, -173, 1, 9, -2, 1, -1, -3, 1, 505, 4, -3, 3}"
1/19,2,2,"{-19, 1}"
2/19,3,3,"{19, -10, 1}"
3/19,3,3,"{19, 6, -1}"
4/19,3,3,"{19, -5, 1}"
5/19,3,3,"{19, -4, 1}"
6/19,3,3,"{19, 3, -1}"
7/19,5,5,"{1, -3, 19, -3, 1}"
8/19,5,5,"{-19, 12, -4, 3, -1}"
9/19,3,3,"{19, 2, -1}"
10/19,3,3,"{19, -2, 1}"
11/19,5,5,"{1, -2, 19, -1, 2}"
12/19,5,5,"{19, -8, 4, -2, 1}"
13/19,5,5,"{19, -3, 1, -3, 19}"
14/19,5,5,"{19, 4, 1, -1, -76}"
15/19,5,5,"{19, 119, 1, -1, -5}"
16/19,5,5,"{19, -6, -1, 1, -114}"
17/19,5,5,"{1, -1, -19, -1, 1}"
18/19,3,3,"{19, 1, -1}"
20/19,3,3,"{19, -1, 1}"
21/19,5,5,"{1, -1, 19, -1, 1}"
22/19,5,5,"{19, 6, -1, 1, 114}"
23/19,5,5,"{19, -5, 1, -1, 95}"
24/19,5,5,"{19, -4, 4, -1, 1}"
25/19,5,5,"{19, 3, -1, 1, 57}"
26/19,7,7,"{1, -1, 19, 3, -1, 1, -19}"
27/19,7,7,"{-114, 2, 3, 8, 1, -1, 2}"
28/19,5,5,"{19, 2, -1, 1, 38}"
29/19,5,5,"{19, -2, 1, -1, 38}"
30/19,7,7,"{1, 1, -1, 1, 19, -1, -19}"
31/19,8,7,"{3, -19, -1, -1, 1, -1, 152}"
32/19,7,7,"{4, 19, 1, -1, 2, -1, 57}"
33/19,7,7,"{1, -19, 3, -1, 1, -2, -38}"
34/19,8,7,"{19, 5, 2, 1, -1, 1, 456}"
35/19,7,7,"{-38, 3, 5, -3, -1, 1, -1}"
36/19,7,7,"{1, -1, 1, 5, -1, -19, -1}"
37/19,5,5,"{19, 1, -1, 1, 19}"
39/19,5,5,"{19, -1, 1, -1, 19}"
40/19,5,5,"{38, -5, 1, -1, 1}"
41/19,7,7,"{5, -19, -1, 1, -1, 3, 38}"
42/19,8,9,"{1, -247, 3, 3, -1, 1, -1, 11, 418}"
43/19,7,7,"{3, 19, 1, -1, 1, -2, 38}"
44/19,8,43,"{1, 1, 1, 1, 1, -1, 1, -1, -2, -3, -3, 22, 18, -2, 2, 3, -3, 2, -5, -3, 2, 2, -1, -1, -4, -2, 1, -54, -15, 17, -6, 1, -8, -1, -19, -1, -15, 2, -8, 1, 5, 1, 57}"
45/19,7,7,"{3, 19, -1, 2, -1, 1, -1}"
46/19,8,9,"{2, -1064, 1, -1, 1, -1, -1, -9, -95}"
47/19,9,235,"{1, 1, 1, 1, -5, 1, -1, 1, -1, -1, 3, -4, -11, -1, -2, 2, -2, 1, -3, 1, -25, 4, 2, 1, 5, 2, -1, -1, -3, 2, -1, -1, 4, -3, -6, -3, 1, -5, 2, 3, 1, 232, 2, -1, 6, -1, -1, 2, 2, 4, -1, -3, 1, 5, -1, 3, -1, -63, 1, -18, -2, -15, 3, -8, -5, -3, -96, 1, 2, -8, 3, -31, 1, -3, 1, -3, -1, 3, -3, -1, -1, -2, -2, -1, 6, -8, 2, -1, -4, -1, -4, -1, -1, -1, -14, -1, -1, -3, 1, 13, -2, -1, 3, -7, 4, -16, -19, -2, 12, -2, -1, 12, 1, 2, -2, 3, -2, 19, -1, 3, -1, 8, -4, 1, -3, 101, -1, -4, -1, 7, -1, 5, -1, -1, -15, -1, 2, 3, -4, 1, -9, 1, -4, -3, 1, 1, -12, -1, 15, -35, 1, 1, -6, 2, 1, -25, 2, -3, -2, 12, -1, 4, -2, 1, -21, -1, 28, -1, 2, 2, 2, 1, 3, -12, 2, 1, 6, 2, -1, 2, 1, 6, 4, -3, -30, -3, -1, -2, -46, -2, -1, -3, 1, -63, -1, -9, -2, -7, -1, 3, -1, -53, -1, -3, -1, 6, -1, 3, -1, -1, -9, 45, 1, 1, -3, -2, 1, -7, -1, -1, -1, 3, -5, -1, -1, -20, 15, 2, -1, 3, 1, 63, -1, 10, 76}"
48/19,9,9,"{133, -3, 3, 1, -1, 1, -1, -56, -38}"
49/19,7,7,"{19, -7, -1, 1, -1, 1, 228}"
50/19,7,7,"{7, -19, 1, -1, 1, -1, -209}"
51/19,9,33,"{1, 1, 1, 1, 6, -1, 1, -1, 1, -13, -1, 3, 2, -1, -1, -2, 2, 8, -1, -4, 2, -13, -1, 2, 41904, -15, 8, -3, 2, 166, 2, 1, -57}"
52/19,9,9,"{1, -361, -1, 3, -1, 1, -1, 1, -3534}"
53/19,9,9,"{19, 5, 4, -2, 1, -1, 1, -1, -2622}"
54/19,9,51,"{1, 1, 1, -2, 10, -1, 1, -1, 1, -2, 1, 6, -23, -1, -1, -5, 2, 4, -1, -17, 1, -5, 18, 1, -1, -1, 3, -13, -1, -2, -4, 1, -2, -6, 1, 1, -6, 14, -1, 2, 55, 1, -19, -2, 2, -322, 1, -12, -1, -130, -38}"
55/19,10,105,"{1, 1, 1, -4, -11, 1, -1, 1, -1, 1, 1, -9, 1, 2, -4, -3, -1, -7, 24, 1, 2, -1, 1, 1, -4, -1, 4, 15, -2, 1, 1, 1, -5, 1, 159, -1, -1, -1, 1, 2, 1, -3, 1, -16, 1, 2, -7, -2, -2, 1, 76, -1, -17, 15, 1, 46, -1, 8, 4, 1, -1, -2, 6, 4, 11, -1, 48, 1, -2, -8, 1, -3, -10, -7, 1, -3, 1, 1, -6, 7, 1, -1, -1, 2, 2, -3, -1, 1, 2, -3, -23, -18, -17, 2, -1, -76, 1, 3, 2, 1, -2, -1, 59, -10, -19}"
56/19,10,53,"{1, 1, 1, -2, 9, -1, 1, -1, 1, -1, -2, 2, 1, 2, 1, 2, -1, 7, 1, 1, -2, -1, -2, 1, 4, 59, 59, 1, 4, -1, -1, -3, -2, -2, -1, -4, -1, 1, 1, 6, 1, 1, 3, 19, 11, -7, -5, 324, 26, -1, 583, -1, -19}"
58/19,10,85,"{1, 1, 1, 15, 7, -1, 1, -1, 1, -1, 6, 2, 1, 1, 1, 1, -9, 2, 12, 1, 13, 2, -1, 1, -21, -12, -12, 2, -3, -2, -2, -6, 3, -7, -5, -1, -3, -21, 2, -4, 1, -1, 9, -3, 2, -1, 3, 3, -4, -73, -1, -14, 2, 1, 83, -4, 1, -10, -3, -2, -2, 1, -2, -1, 6, -4, 1, -92, 3, 15, 1, -1, -2, 1, -65, -4, 2, 2, -4, 1, 21, 3, -6, -1, 19}"
59/19,10,59,"{1, 1, 1, -6, 2, -1, 1, -1, 1, -1, 136, 2, -1, -2, 59, 18, 22, 1, -2, 3, -1, -1, -3, -1, 9, 34, 1, 2, -4, 2, 2, 6, 1, 1, 5, -1, 1, -5, -8, 1, -1, 100, 1, -3, 1, -829, 8, 1, 11, -1, 1, 2, -3, -1, -22, -1, 4, -1, 190}"
60/19,11,93,"{1, 1, 1, 10, 2, -1, 1, -1, 1, -1, 3, -1, -1, -1, -2, 1, 1, -7, 2, 27, -1, -12, -3, -9, 3, 2, -1, 4, -2, 1, 10, 1, -3, 1, -1, 292, -1, 3, -2, 5, 1, -1, 105, 1, -1, -5, -1, -1, 1, 24, -39, 36, -11, 1, -5, -1, 3, -6, -1, 1, -8, 1, -1, 8, 15, -2, -1, -1, -5, 3, 2, -3, -2, 2, -1, 1, -4, 17, -2, 13, 15, -4, -1, 18, -3, -3, 1, 1, -1, -5, 57, -4, -1}"
61/19,11,63,"{1, 1, 1, 8, -1, 1, -1, 1, -1, 1, 2, -1, 240, 4, 4, -21, 1, -3, -59, 1, 16, -10, -1, 5, -2, 1, -154, 5, 4, -1, 1, 4, -2, 2, 61, -2, 1, -1, -6, -4, 3, -4, -6, -1, 5, -1, -1, -1, -2, 2, 2, 1, -1, -2, 4, -16, 1, 1, 9, 1, 4, -19, -1}"
62/19,10,61,"{1, 1, -1, 7, 15, -1, 1, -1, 1, -1, 1, -12, -1, 2, 4, -4, 3, -28, -1, -2, 1, 144, 2, -1, -7, 4, 4, 8, -3, 1, -1, -194, -1, 5, -5, 1, 3, -1, 40, -4, 1, 1, -1, -2, 9, 1, 428, -1, 10, -1, 3, 139, -1, 4, 2, -1, 2, -1, -1, -1, 2964}"
63/19,11,31,"{1, 1, 1, 5, 2, -1, 1, -1, 1, -1, 1, -19, -1, 5, -198, 1, -2, 1, -13, -1, -7, 1, 3, -1, 1, -4, -342, -1, -2, 4, -76}"
64/19,12,35,"{1, 1, 11, 14, -1, 1, -1, 1, -1, 1, -1, -1, 167, 1, -2, 132, 1, 10, 14, -1, 3, 1, -1, -988, 1, 1, 2, -3, 5, 3, 1, -70, 12, -8, -19}"
65/19,11,49,"{1, 1, 5, 4, -10, 1, -1, 1, -1, 1, -1, 1, 84, 1, -1, -6, 1, 1, 72, -17, -1, -1, 14, -1, 3, -3, 10, 2, 29, 3, -26, -7, 4, -2, -4, -2, -1, 2, -10, 1, 32, -3, 1, 54, -84, -1, 1, -2, -247}"
66/19,12,103,"{1, 2, -10, -1, -1, 1, -1, 1, -1, 1, -1, 1, 2, 2, -1, 2, -1, 5, -1, 1, -1, -1, 1, 80, -1, 91, -1, -16325, -4, 4, 1, 25, -1, 1, -2, -2, -1, -1, 1, 2, -1, 2, 1, -1, -16, 1, -1, -1, -5, 1, 4, -7, 4, 2, -13, -2, 4, -5, 1, -2, -8, 1, 1, 2, 2, 2, 1, -5, 1, 14, 1, 1, 1, -2, -1, -1, 1, -2, 1, -46, -1, 1, 3, -1, 4, 18, -2, -89, 21, 1, 1584, -1, 3, 4, -2, -2, -19, -1, 2, -52, -3, 1, 38}"
67/19,12,67,"{1, 1, -6, -11, -16, 1, -1, 1, -1, 1, -1, 1, -1, -5, -1, -1, -1, 16, -4, 1, -4, -12, -20, -4, -4, 1, 1, -20, 1, 1, -10, 1, 2, -2, -4, 13, 3, -3, 1, 6, 3, -1, -20, 6, 1, 17, -184, 6, -6, -2, -4, -84, -7, -1, -1, -1, -1, 12, -14, 3, 2, -1, 1, 7, 46, 2, -19}"
68/19,14,53,"{1, -3, 19, 14, 8, -1, 1, -1, 1, -1, 1, -1, 1, -2, 1, -2, 11, 1, -1, -1, -4, 10, -1, 32, -2, -19, -1, -1, 1, -1, 2, 6, -1, -1, -1, -2, 36, -40, -3, -22122, -1, 3, -7, 1, 1, -1, -34, -6, -1, -15, -15, -5, 532}"
69/19,14,47,"{1, -13, 13, 11, -3, 1, -1, 1, -1, 1, -1, 1, -1, 1, 25, 1, 7, 13, 1, -2, 14, 2, -6, -1, -4, 1, -1, 23, 3, 2, -2535, 4, -1, 9, -3, 6, 2, 48, 34, -8, -1, 5, 1, 4, 46, 19, -4}"
70/19,14,43,"{1, 1, 12, 5, -17, 1, -1, 1, -1, 1, -1, 1, -1, 1, -1, -649, -2, -1, 3, 760, -1, 1, -1, -1, 1, -1, 19, 1, -4, 2, 3, 34, 2, -27, 4, -9, -35, -4, 1, 1, 140, -3, 19}"
71/19,15,75,"{6, -9, -2, 7, 3, -6, 1, -1, 1, -1, 1, -1, 1, -1, 1, -1, 1, -31, 7, 22, 1, 1, 5, 2, -1, -3, -3, -1, 6, -1, 1, 1, -1, -1, -2, 1, -1, 1, -1, 92, 14, 89, -1, -1, 1, -457, -1, 5, -1, 3, 19, -1, -4, -1, -3, 1, 29, -2, -5, -9, 1, 19, -4, 16, 17, -3, 3, 1, -6, 13, 1, -634, -18, 1, 76}"
72/19,17,59,"{3, -14, -9, -3, -14, -1, 1, -1, 1, -1, 1, -1, 1, -1, 1, -1, 1, -1, -1, 1, 1, -98, 2, -2, -901, 18, -45, -1, -1, 3, 2, 16, -1, -8, -2, -1, 19, 1, -8, 1, -1, -5, -4, 494, 1, -62, -1, -8, 1, 26, 9, -9, 2, 3, 1, 1, 6, -19, -1}"
73/19,17,79,"{1, -12, 8, -9, 12, -1, 1, -1, 1, -1, 1, -1, 1, -1, 1, -1, 1, -1, 1, -1, -1, -208, -1, 5, -13, 1, -10, -2, -1, 13, 1, -1, -3, 2, -1, -2, 15, -6, -2, -1, 3, -171, -1, -11, 9, 2, 1, 1, 9, -1, -2, -1, -3, -2, -5, -1, -19, 1, -3, -5, -2, -1, 1, -1, 2, -1, 4, 9, -9, -3, 1, 2, 2, -1, 6, -17, -9054, -2812, -4}"
74/19,19,∞,Unknown
75/19,27,∞,Unknown
1/20,2,2,"{-20, 1}"
3/20,3,3,"{20, -7, 1}"
7/20,3,3,"{20, -3, 1}"
9/20,3,3,"{10, 2, -1}"
11/20,3,3,"{10, -2, 1}"
13/20,5,5,"{1, -1, -3, 10, 2}"
17/20,5,5,"{1, -1, -5, -1, 4}"
19/20,3,3,"{20, 1, -1}"
21/20,3,3,"{20, -1, 1}"
23/20,5,5,"{1, -8, 1, -1, 90}"
27/20,5,5,"{4, 45, -1, 1, -3}"
29/20,5,5,"{2, 2, -1, 1, -30}"
31/20,5,5,"{10, -2, 1, -1, 20}"
33/20,5,5,"{4, -1, 1, -2, -5}"
37/20,7,7,"{1, -1, 1, 3, 8, 1, -10}"
39/20,5,5,"{-2, 10, 1, -1, 1}"
41/20,5,5,"{2, 10, -1, 1, -1}"
43/20,7,7,"{1, -8, 1, -1, 1, -6, 40}"
47/20,9,9,"{1, 1, -1, 1, -1, -5, -2, -10, 3}"
49/20,9,9,"{1, 1, 5, 2, -2, 1, -1, 1, -3}"
51/20,7,7,"{2, 70, 1, -1, 1, -1, -4}"
53/20,7,7,"{5, -8, 1, -1, 1, -1, -60}"
57/20,9,9,"{4, -1, 1, -1, 1, -2, 4, -4, -10}"
59/20,9,9,"{5, -16, 3, 1, -1, 1, -1, 1, 820}"
61/20,9,9,"{3, 8, -1, 1, -1, 1, -1, 6, -10370}"
63/20,11,11,"{10, -2, 1, -1, 1, -1, 1, -3, -1, -1115, -12}"
67/20,12,171,"{1, 1, 1, 1, 2, -1, 1, -1, 1, -1, 1, -2, -1, 1, -2, 1, -1, -1, 2, -1, 1, -2, 4, 2, -2, -4, 8, 1, -2, 3, -1, 2, 1, -1, 2, -1, 1, -3, -1, 3, -1, -3, 1, 2, -1, 1, 7, 1, -1, 1, 1, -4, -3, -2, -1, 1, -2, 1, -3, -1, 1, -1, -2, 1, -1, -8, -1, 1, -1, -1, 2, -1, 1, -3, -1, -1, -1, 1, -4, -2, 2, 5, -1, 2, -1, -1, 2, -4, 1, -6, -1, 12, -191, 1, -2, -1, -4, 1, -2, 1, 2, 1, -8, 1, 537, 2, 1, -1, 2, 4, -24, -1, -70, -2, -1, 2, 2, -3, -6, 1, 1, 1, -1, 3, -2, 1, -1, -1, 1, -2, 2, -3, 1, -1, -1, 1, 1, 1, 30, -1, -1, -1, -1, 2, 1, -1, -2, -1, 1, -5, -15, -1, 2, 1, 1, -1, 20, -1, -16, 1, 3, 1, -1, -4, 1, 5, -2, -1, 1, -16, 135}"
69/20,13,141,"{1, 1, 1, 1, 1, -1, 1, -1, 1, -1, 1, -1, -1, 1, 18, -2, 1, 1, 1, 2, 15, 1, 2, -1, 1, 2, 3, -1, 1, 6, 1, -1, -2, -2, 6, 5, -1, 7, 1, -1, -2, 2, -1, 1, -2, 1, -1, 14, -1, 1, 1, -29, 1, 2, 2, -253, 1, -1, 2, 2, -2, 1, -1, -59, 1, -1, 1, 3, -1, 8, 1, -1, 4, 3, 1, -4, -1, -2, -4, 1, -1, 2, -4, 1, -1, -1, -1, 1, -2, 4, -7, 1, -1, 2, 2, -2, 1, 1, -1, 1, 1, -1, -2, 67, 1, -43, 1, -15, 1, -1, -1, 2, -1, 1, -1, 11, -8, -48, -2, -3, 2, 1, -1, -1, -2, 2, -1, 2, -12, 1, -1, -2, 2, -2, 1, -34, -6, 2, 3, -2, -10}"
71/20,13,45,"{1, 1, 1, 1, -5, 1, -1, 1, -1, 1, -1, 1, -1, 9, -1, -2, -2, 1, 1, -2, 1, -1, 1, 1, 1, -1, 6, 31, -4, -1, 2, 30, 2, -16, 5, -3, 1, 2, 1, -2, 1, 1, -1, 8, 135}"
73/20,15,85,"{1, 1, 1, -1, -3, 1, -1, 1, -1, 1, -1, 1, -1, 1, -2, -1, 2, -1, 1, -22, 1, -1, 2, -1, 1, -1, 1, -3, 50, -2, -1, -7, 1, -1, 2, -7, 3, -24, -1, -5, 38, 1, -2, 5, -2, 1, -1, 1, -10, -2, 1, -1, 1, -1, -9, 1, 1, 8, 10, -2, 1, -1, 1, -1, 37, -1, 1, 1, 2, -8, 1, -4, 3, 2, -2, 1, 1, -1, -9, 1, 47, -34, 1, -3, -20}"
77/20,17,55,"{1, 1, -2, -13, -10, 1, -1, 1, -1, 1, -1, 1, -1, 1, -1, 1, -1, 1, -1, 1, -8, -25, 3, 1, 2, 2, 271, -1, 1, -1, -3, 8, 3, -1, 1, 4, 4, -3, -1, 24, -1, 1, -1, 1, -6, -42, -4, 4, 6, -3, -3, -29, -1, 1, 140}"
79/20,28,117,"{11, -12, -19, -1, 10, -1, 1, -1, 1, -1, 1, -1, 1, -1, 1, -1, 1, -1, 1, -1, 1, -1, 1, -1, 1, -1, 1, -1, 1, -1, 1, -1, -36, 7, 2, -11, 1, -1, -1, 60, 1, -1, 1, -1, 16, 225, -1, -2, -2, -1, 2, 1, -2, 2, 2, -1, 43, 1, -2, 2, -22, -9, 6, -21, 8, -1, -4, 1, -1, 1, -1, 1, -1, 4, -1, -40, 1, -1, 1, -1, 3, -34, -3, -8, -122, 1, -1, 1, -4, 1, 2, 5, -1, 25, 1, -1, 2, 2, -1, -1, -1, 1, -1, -1, -2, -10, 1, 1, 1, -1, 2, -4, 3, 2, -5, 2, 22}"
1/21,2,2,"{-1, 21}"
2/21,3,3,"{-231, 1, -11}"
4/21,3,3,"{-105, -1, 5}"
5/21,3,3,"{-84, -1, 4}"
8/21,3,3,"{-21, 1, -3}"
10/21,3,3,"{-42, -1, 2}"
11/21,3,3,"{-42, 1, -2}"
13/21,5,5,"{-14952, 4, -2, 1, 134}"
16/21,5,5,"{-1848, 1, -1, -4, -7}"
17/21,5,5,"{-11571, 1, -1, -5, -5}"
19/21,5,5,"{-1, 1, 21, 1, -1}"
20/21,3,3,"{-21, -1, 1}"
22/21,3,3,"{-1, 1, -21}"
23/21,5,5,"{-1, 1, -21, 1, -1}"
25/21,5,5,"{-861, 5, -1, 1, 87}"
26/21,5,5,"{-7476, 4, -1, 1, 67}"
29/21,5,5,"{-6, 1, -1, 4, 7}"
31/21,5,5,"{-924, -1, 1, -2, -7}"
32/21,5,5,"{-861, -2, 1, -1, 28}"
34/21,5,5,"{-714, 1, -1, 1, 1}"
37/21,6,51,"{1, 1, 1, 1, 3, -1, 1, -2, 3, -1, -1, -1, -4, -35, -2, -2, 6, 4, 4, -3, 2, -2, -2, -2, 3, -1, -2, -8, -2, 1, 3, 1, 2, 16, 6, 1, 2, 1, 2, 8, 1, 1, 2, 3, -7, 144, 1, 2, -7, 2, 21}"
38/21,6,337,"{1, 1, 1, 1, 1, -1, 1, -7, 1, 2, -1, -5, 1, 4, -10, 1, 3, -3, 1, 4, -2, 1, 3, 52, 1, 4, -2, 3, -3, 4, -2, 1, 5, -1, -5, 2, -2, -1, -4, 2, -25, -5, 1, 4, 2, 2, 1, 3, -1, -1, -2, -4, -3, 3, 4, -2, 2, -13, 2, -1, -3, 2, 1, 2, -6, 3, -9, -4, 6, 2, -1, -2, -1, -1, -1, -3, 1, 1, 1, 1, 2, -1, -1, -2, 1, 2, -1, -1, -1, -1, -1, -3, 5, 1, 2, 1, 2, -2, 9, 1, 2, -1, -1, -2, 1, 3, 4, -3, 38, 2, -2, 4, 9, -2, -1, -3, 1, 1, 2, -2, -2, 22, -1, -1, -3, 1, 4, -1, -2, 2, -1, -3, 28, 2, 1, 1, 1, 2, 9, 2, -1, -3, 7, -4, 1, 4, -2, 1, 2, 14, -2, 1, 4, 3, 2, -2, -3, 1, 1, 2, 17, -3, -3, 8, 6, -3, -4, 4, 2, -1, -2, 3, 6, -3, -1, -4, 3, 2, -1, -3, 3, -2, 8, -3, 71, 1, 4, -1, -3, 2, -2, -1, -2, 1, 1, 1, 2, 3, -1, -2, 3, -3, 3, -3, -2, 1, 5, 3, 4, -114, 2, -1, -4, 3, -1, -3, -3, 3, 3, -6, -3, -4, 1, 2, -2, 2, -3, -4, -8, -1, -4, 1, 3, 2, -2, -2, -16, -8, 2, 2, 4, -18, -186, 1, 1, 2, -4, -1, -2, -1, -1, -3, 1, 1, 3, -2, 1, 2, -2, 2, 42, -5, 19, 12, 2, -3, 3, -2, -2, 4, -2, -19, -5, 1, 2, -2, 1, 1, 3, -2, 2, -2, 2, 10, -5, -1, -2, 14, 4, -2, -9, 2, -6, -1, -4, -1, -1, -2, -2, -3, 1, 1, 2, -1, -5, 9, 2, 2, -1, -3, -2, 12, 1, 2, -2, -4, 3, 1, 4, 9, 5, 2, -2, 4, -1, -1, -1, -2, 1, 2, 2, -6, -5, -512, -8, -7, -3}"
40/21,5,5,"{-2436, -1, 1, -1, -5}"
41/21,5,5,"{-21, 0, 1, -1, -21}"
43/21,5,5,"{-21, 1, -1, 1, -21}"
44/21,6,47,"{1, 1, 1, 1, 1, -1, 1, -2, 3, -2, 1, -11, -3, 6, 1, 1, 24, -4, 2, 1, 1, 5, -1, -2, -1, -1, -2, 1, 1, 2, 2, -2, 7, -9, 1, -16, -54, 2, -2, -1, -4, 7, 12, -4, -20, -3, 28}"
46/21,5,5,"{-42, 1, -1, 1, -3}"
47/21,7,55,"{1, 1, 1, 1, 1, -1, 1, -1, -1, -2, 6, -1, -3, -4, -3, -13, -20, -2, 1, 1, 3, -5, -3, -19, 2, -1, -1, -9, 1, -25, -1, 10, -3, 1, 2, 1, 1, 1, 1, 11, 2, -1, -6, 3, -8, 1, 2, -10, 1, 3, 1, 1, -18, 2, -7}"
50/21,7,103,"{1, 1, 1, 1, 1, -1, 1, -1, -4, -1, -8, 1, -4, -1, -2, -1, -1, -5, 1, 1, 5, 2, 4, 1, 5, -1, -10, 1, 1, 1, -5, -1, -2, 2, -1, -1, -4, 7, 1, -3, 4, -2, -1, 4, 11, -2, 1, -9, -106, -8, 2, -1, 7, 1, -23, -1, 3, -3, 1, 3, -1, 8, -1, -13, 25, -1, -3, -5, -2, -1, -1, 4, -9, -1, 6, -1, -1, -1, 5, -109, 1, -3, 3, 3, 12, -2, 2, 9, 1, -3, 3, 2, -2, -1, -2, 1, 5, -1, 12, 1, 2, 2, -84}"
52/21,7,49,"{1, 1, 1, 1, 1, -1, 1, -1, 14, 2, -5, -1, -14, 8, -2, 1, 1, 2, -1, -3, -1, -3, -3, 1, -2, -1, 23, -5, -2, -3, -1, -113, 1, 2, -1, -1, 9, -1, -15, -1, -1, 3, -1, 3, -1, -2, 8, 1, 42}"
53/21,7,111,"{1, 1, 1, 1, 1, -1, 1, -1, 5, -11, -5, 5, 1, 19, -6, 1, 2, -2, -1, 5, 2, -3, 1, -7, 1, 1, 2, -1, -1, -1, -1, -2, 1, 1, -2, -2, -3, 3, 18, 1, -6, -8, 1, 1, 2, -6, -2, -1, -2, -2, 1, 9, -2, 2, -2, 1, 3, -31, 8, -3, 1, -4, 5, -1, -4, -6, 1, 56, 1, 2, 1, -2, -2, 1, 1, 1, -4, -1, -1, 13, -1, -1, 3, -1, -3, 1, 1, -28, -1, -2, 4, 1, 6, 1, 1, -4, 2, -2, -3, -6, -1, -2, 2, -14, 13, -1, 3, -1, 2, 15, 7}"
55/21,5,5,"{-1, 1, -1, 1, -273}"
58/21,7,51,"{1, 1, 1, 1, -1, 1, -1, 1, 1, 6, -1, -1, -2, -5, 1, 29, 1, 37, -2, -2, 1, 2, -1, -2, -10, 14, -1, -6, 7, 1, 1, -2, -2, -1, 4, 2, -1, 3, -2, 1, -2, 1, 1, 1, 7, -22, -1, -1, 70, 1, 105}"
59/21,7,109,"{1, 1, 1, 1, 2, -1, 1, -1, 1, -5, 2, -4, 3, -1, 2, 1, 2, -1, 2, -2, -1, -1, -3, -1, 1, 1, 1, 2, -2, -1, -5, 6, 1, -1, -1, 2, -1, 2, 3, 2, 2, -67, -1, -219, 2, -1, -1, -1, 3, -5, 3, -1, -28, 1, -2, 2, -1, 5, -37, -2, 1, 1, 3, -1, -73, 16, 1, 2, -1, 6, -3, 1, -3, -3, -1, 35, 2, 2, 16, -1, -12, 1, 1, 11, -2, -1, 1, 1, -2, 1, -2, 5, -1, 3, 5, 1, 1, 1, 5, 1, -10, 4, 6, 1, -2, -2, -1, 217, 3}"
61/21,8,401,"{1, 1, 1, 1, -4, 1, -1, 1, -1, 2, -1, 1, 2, -2, 1, -2, 1, -1, -1, -13, 4, 1, 1, 3, -1, -1, -1, 1, 1, 1, 11, -2, 1, -1, -2, 3, -1, 1, 3, -50, 1, 3, 1, 4, -1, 1, 2, 1, -2, 2, 2, 1, 1, -1827, -1, 2, 1, -12, 1, -2, 2, 4, 1, 1, -4, 5, 9, -3, 1, 1, -2, -4, 27, 1, 1, 1, -28, 5, 3, -1, 4, -1, 1, 2, 1, -1, -1, -1, -1, -2, 10, 1, -2, 3, -1, 1, 2, 1, 4, -1, 2, -4, 1, -2, 1, 3, -2, -1, -2, -3, 1, -1, -1, -3, -1, 2, 1, -2, 2, 4, 2, 3, -3, -1, 1, 2, -1, -1, -64, -3, -5, -1, -1, 1, 1, -1, -1, 1, 1, 5, -3, -1, -1, 2, -1, -1, -1, -3, 77, 1, 2, -6, 2, 5, -1, 2, -2, -3, -6, 4, 2, 12, -2, 1, 1, 3, 1, -1, -1, 1, 1, 1, 5, 2, -1, 3, -38, 2, -1, 1, 1, -1, -1, 2, 2, -1, -4, -1, 3, 3, 3, 2, -5, 2, -1, -5, -6, 1, 3, 1, 2, -1, 2, -1, -1, 6, -5, 3, -2, 1, -1, -1, 1, 1, -2, -6, -1, -50, -20, -1, 64, 2, -2, 1, -2, 1, 76, 4, -1, 1, 1, 1, -2, 1, -1, -2, -1, 3, -1, 2, 2, 1, 9, 1, -5, 117, -1, 1, 2, -4, -1, -2, 8, 6, -1, -1, 1, 1, 1, -107, -1, 1, 2, 12, -7, 1, -4, 1, -2, 1, -1, -2, 4, 1, 1, 6, -7, -1, 1, 2, -2, 1, 2, 66, 1, 12, -2, 1, 3, -1, 6, 1, 2, 4, 2, 1, -2, 1, -2, -1, 5, -29, -2, -132, -3, 2, -2, -15, -1, -1, -2, -1, -1, -6, 2, 6, 3, -1, 2, -3, 1, 2, -17, -1, 18, -1, -5, -1, -5, 1, -3, 1, 1, -3, 5, -1, -22, -5, -1, 1, 1, 1, -6, -8, -36, 3, -1, 2, 1, -5, -2, 10, -1, -1, -19, 1, -45, -2, 2, -1, 2, -1, -1, 2, -8, -2, 1, -1, -3, 5, -3, -1, 2, -1, 1, 1, 1, 3, -1, 2, -1, 2, 1, 3, 7, -1, -1, -7, -1, 1, 1, -1030, -1, 94, -1, -8, 1, -3, 2, 3, 77}"
62/21,7,139,"{1, 1, 1, 1, 1, -1, 1, -1, 1, -4, -145, -1, -4, 2, -1, 2, -1, 1, 3, 1, -8, -1, -3, 2, -1, -2, 1, -13, 8, -1, -4, 1, -2, 1, -4, 2, -1, 3, 4, 125, 1, -2, -2, 1, -2, 1, -1, -1, -1, 1, 1, 1, -1, -1, 5, 2, 36, -2, -2, -1, -5, -3, 11, -5, 9, 2, 1, -2, -1, 1, 2, 1, -3, 1, 1, 2, 2, -2, 12, 3, -1, -4, 2, 5, 1, 3, 2, 1, 1, 1, 1, -2, -2, 9, -1, 1, 1, -7, -1, -3, 1, -1, -3, -4, -2, -1, 3, 2, -28, -2, 1, -2, -2, -6, -2, -1, -20, 1, -2, -3, 1, -1, -1, 10, -2, 1, 1, 2, 1, 1, 1, -6, 24, -9, -1, 2, -2, 735, -5}"
64/21,7,89,"{1, 1, 1, 1, -1, 1, -1, 1, -2, 1, -3, -3, 1, 8, -2, 2, 1, 1, -5, 2, 1, 2, 2, -2, 1, -173, 2, -3, -2, 2, -1, 6, -7, 4, -74, -7, -3, -1, 1, 1, -2, 2, -3, 3, 2, -4, 1, -2, -6, -1, 1, 2, 1, -1, -1, 2, -1, -1, -1, 1, 1, 1, -34, -1, 1, 3, 5, 3, -1, 3, 3, 1, -1, -3, 1, -483, 1, -1, -1, -1, -1, 2, -6, -1, 1, -31, -1, 14, 3}"
65/21,8,417,"{1, 1, 1, 1, -8, 1, -1, 1, -1, 1, -3, 1, -1, -1, -1, 1, 10, 2, 3, -1, 3, 2, -2, 1, 1, -3, 1, -1, -1, 2, -1, 1, 1, 2, -1, 14, 57, 1, -5, 1, 1, -3, 1, -1, 5, 1, -3, 3, 1, -2, 1, 9, 1, -1, -7, 2, -1, 1, -11, 1, -1, -36, -1, -1, -1, -1, 2, 3, 1, 5, 1, -1, 8, 1, -2, 1, 1, -3, 1, -1, -1, -1, 2, -1, 3, -5, -1, 1, -7, 8, -1, -1, -4, -2, 5, -1, -1, -6, -1, 6, -2, -2, 1, 1, 1, -3, 5, -1, 3, -1, 2, -11, -1, -1, -1, 1, 1, 7, -32, 1, 3, 1, -4, -1, 2, -1, 2, -4, -5, 3, -2, 1, -22, 1, -2, -1, 1, 1, 1, -38, 1, -1, -1, 4, 1, -2, 1, 3, 1, 3, -1, 1, -5, -1, -46, 1, 5, -1, 1, 11, -2, 1, -1, 10, 310, -1, 20, 1, -10, -1, 3, -3, -1, -3, -2, -8, -1, -4, 2, -1, 75, -1, 4, 1, 6, -2, -3, 1, -6, -7, 1, 6, 1, 3, -3, 1, -1, -1, 1, 1, -2, 1, 2, 1, -2, 1, -20, 5, 1, -10, 1, 2, -2, 1, -14, 2, -2, 1, -1, -20, 13, 1, -3, -1, 1, 10, -5, -6, 1, -1, 67, 4, -1, 1, 2, -1, -3, -3, -2, -2, 1, 5, -1, -11, -1, 8, 4, 1, -1, -1, 1, 3, 6, -1, -1, 12, 2, 11, -2, 1, -3, 1, -8, -1, -3, -2, -1, 1, 5, -2, 1, -2, 1, -1, -1, -1, 2, 2, -8, -1, -1, -2, 1, 1, 25, -1, 5, -1, 5, 1, 1, 1, 1, 1, 2, 1, 8, -1, -2, -1, -1, -4, 1, 1, -12, -2, -4, 1, 1, -1, -7, -7, -3, 2, 1, 1, -1, -1, -1, -3, 4, -2, 1, -1, 27, 1, -1, -15, -119, -1, -1, 24, 1, 61, 1, 1, -95, 1, -2, 2, 6, -1, 4, -1, 1, -24, 1, -7, -1, 2, -3, 1, -1, -1, -1, 1, 2, -5, -1, 4, 1, -1, 6, 2, 1, -3, 1, -1, -1, -3, 1, 1, 9, -4, -1, -2, 1, -1, -1, 136, 1, 8, -3, 5, -3, 1, 1, 1, -4, 1, -2, 2, 1, -1, -3, 1, -3, 4, -1, 1, -13, -6, 1, -6, -3, 2, 1, -1, -5, 2, 2, -3, 1, -2, 50, -6, 14}"
67/21,9,233,"{1, 1, 1, 1, -7, 1, -1, 1, -1, 1, -1, -1, -25, -4, -2, -3, -1, 1, -2, -5, 2, -1, 11, -6, -3, -24, -5, -1, 3, -2, 3, 1, -1, 4, -1, -2, 1, 1, 5, -1, 6, -1, 8, 1, 2, -1, 1, -2, -2, -2, 1, -1, -2, 1, -5, 1, 55, 1, -8, -2, -1, 2, -1, -2, 1, -3, 1, 10, 1, 2, 1, 1, 1, 2, -1, -3, 3, 2, -1, 1, -4, 1, -1, -1, -3, 5, 1, -4, 1, -128, -4, 1, -1, 2, 3, -1, 2, -1, -1, 6, 1, -28, -11, -4, 1, -19, 1, 1, 2, -1, 128, -1, 1, 4, -19, -1, 2, -4, 1, 336, 1, -3, -1, 6, -1, -2, -8, -2, 1, -4, -1, -3, -1, -2, 1, 1, 2, -1, 1, 5, -1, 2, 2, 12, -1, 2, -2, 17, 6, 1, 1, -1, -1, -8, 1, -1, 7, -4, 5, 3, -1, -1, 1, 10, 6, -11, -1, 1, 8, 1, 1, -4, 5, 2, 5, -2, 1, -2, 1, -3, 1, -1, -6, 6, -21, 2, 1, -1, 4, -1, 1, 6, -2, -34, 2, 3, 2, 1, -5, -1, -1, -1, -1, 6, -1, 1, 1, 1, -2, 2, 2, -1, 1, 15, -1, 2, -27, 1, 4, 3, -1, 5, -1, -6, -1, -2, 3, -1, 2, -3, -1, 1, 7}"
68/21,8,59,"{1, 1, 1, 1, -14, 1, -1, 1, -1, 1, -1, -6, 2, 2, 2, 1, -4, -1, 1, -2, -2, 1, -1, 3, 8, -4, -48, -2, -1, 1, -7, 3, 2, 1, -3, 1, 2, -2, 2, -1, -1, -2, -1, 1, 7, -3, 1, 46, 1, 1, 4, 2, 1, 55, -2, 1, -9, 2, -7}"
71/21,9,31,"{1, 1, 1, -13, 13, -1, 1, -1, 1, -1, 1, -1, -1, -1, 1, -4, -14, 2, -3, -4, -35, 6, 1, -1, 2, 3, -672, -2, 4, 1, 273}"
73/21,9,147,"{1, 1, 1, -1, -18, 1, -1, 1, -1, 1, -1, 1, -2, 1, -1, -1, 1, -2, 1, -1, 1, 1, -1, 1, -3, 2, -4, 14, -2, -1, 1, 2, 1, -9, -1, 1, -3, 4, 3, -1, -30, 1, -1, 1, -3, -1, -24, 1, 8, -7, -8, -1, -1, 1, -3, 1, 18, 1, -1, 1, 1, 1, -5, 1, -7, -19, 1, -1, -1, -4, 2, -1, 1, -8, 1, 23, 12, 6, 12, -6, 2, -3, 2, -1, 21, 1, -1, -1, 1, -1, -7, -1, 1, 1, 1, -1, -8, 2, 1, -3, -2, -1, 1, 1, -2, 1, -1, -1, 3, 1, 1, 1, -1, 1, 1, 3, 7, -2, -8, 4, -1, -2, -4, 3, -1, -2, -8, -7, -1, -10, 1, -2, -18, -1, -3, 2, -2, 1, -3, -2, 1, -29, -2, 1, -1149, 1, -7}"
74/21,9,113,"{1, 1, 1, 5, 13, -1, 1, -1, 1, -1, 1, -1, 1, 4, -1, -14, -1, 1, -2, 1, 1, -1, 3, 1, -84, 1, -5, 1, 1, -2, 2, 2, -3, 1, -4, -2, 1, -1, 3, 1, -1, 1, 1, -2, 5, 7, -1, -1, -7, 1, -1, -3, -6, -1, -1, 1, -12, 1, -4, 1, 1, 2, 4, -1, 1, -2, -8, -1, 1, -1, -5, 39, 2, -1, 1, -2, -5, 1, 3, -1, 1, -1, -4, -1, -2, -2, 3, 1, -2, -159, 1, -1, -1, -8, 1, 8, -9, -1, -2, 17, 1, -35, 4, -2, 1, 1, -22, 1, -4, -1, 10, 77, 1014}"
76/21,10,81,"{1, 1, 1, 9, 12, -1, 1, -1, 1, -1, 1, -1, 1, -1, -16, -2, -2, -21, -1, 1, -1, 10, -1, 1, -1, 1, 7, 7, 60, 7, -2, -2, -2, 9, 4, 1, 2, -1, 9, 1, -3, 2, 1, -106, 5, 1, -1, 1, 8, 3, -1, 1, 1, 1, -1, -1, 3, 1, -2, 1, -5, -1, -1986, 40, 1, -1, -4, -3, -2, -1, -4, 3, -9, -1, 2, -1, 1, -15, 1, 1, 21}"
79/21,12,89,"{1, 1, -16, -6, -15, 1, -1, 1, -1, 1, -1, 1, -1, 1, -1, 1, -1, -1, -1, 63, 1, -2, 1, -2, 2, -5, -9, -3, -7, 1, -5, -1, -4, 3, -3, 1, 3, -29, 1, -2, 1, 3, 2, 2, 1, 2, 1, -1, -1, -1, 2, -13, -578, -3, 1, -10, -1, 4, -1, 6, 1, -1, 1, -1, -1, -1, 3, -1, 1, -35, 4, 1, -2, 15, 1, -1, 3, -1, -15, -1, -1, -4, 2, 1, 7, -2, -5, 126, -1}"
80/21,14,77,"{1, 1, 2, -14, 14, -1, 1, -1, 1, -1, 1, -1, 1, -1, 1, -1, 1, -1, 3, -1, 1, -1, 7, -1, 1, -2, 3, 2, -1, 8, 15, -1, -9, -63, 1, 90, 33, 1, -1, -3, -28, 3, -3, 2, -1, 1, -1, 2, -9, -5, 2, 3, -1, -23, 1, -1, 1, -7, -2, 1, -1, 3, -1, 2, -1, 7, 3, -2, 1, -1, -1, 1, 6, -1, -3, -48, 42}"
82/21,20,81,"{1, 16, -1, -18, -3, 1, -1, 1, -1, 1, -1, 1, -1, 1, -1, 1, -1, 1, -1, 1, -1, 1, -1, 1, -7, 6, -1, -64, 1, -3, 1, 32, 1, -1, 752, 1, 3, -1, 1, -3, -2, 1, -1, 12, -1, 2, 1, -1, 29, 12, 5, -1, 3, 1, -1, 1, 12, -48, 7, 17, 108, 1, -1, 3, 1, -2, 2, 7, 4, -6, -1, 2, -1, -7, -1, -5, -5, 6, -1, 28, 6}"
83/21,28,∞,Unknown
1/22,2,2,"{-1, 22}"
3/22,3,3,"{-154, -1, 7}"
5/22,3,3,"{-44, -1, 4}"
7/22,3,3,"{-66, -1, 3}"
9/22,3,3,"{-2, 1, 11}"
13/22,3,3,"{-11, 1, -2}"
15/22,5,5,"{-3938, 1, -3, 1, -34}"
17/22,5,5,"{-891, 1, -2, 2, -8}"
19/22,5,5,"{-2, -11, -1, 1, 22}"
21/22,3,3,"{-22, -1, 1}"
23/22,3,3,"{-1, 1, -22}"
25/22,5,5,"{-2, -7, 1, -1, 451}"
27/22,5,5,"{-2167, 4, -1, 1, 35}"
29/22,5,5,"{-22, -3, 1, -1, -66}"
31/22,6,31,"{1, 1, 1, 1, 1, 2, -1, 1, -116, 2, -20, 1, 2, -1, -1, -2, 2, -3, 2, 5, -12, 2, -6, -8, -21, 2, -6, -7, -2, 75, 176}"
35/22,6,81,"{1, 1, 1, 1, 1, 1, -1, 1, 5, 2, -1, -2, 3, -2, 2, -13, -5, 5, -23, 24, -4, 1, 1, 2, -21, -16, 2, -4, 32, -10, -3, 2, -4, 1, 2, -2, 2, -1, -2, 10, -2, 12, 4, -3, 1, 1, 2, 4, 5, -3, -2, 3, -7, 3, -2, -2, -2, -2, -1, -2, 2, -1, -1, -2, -2, -2, 2, -4, -1, -2, 2, -17, -7, -6, -11, -4, 1, 2, -2, 11, -2}"
37/22,6,93,"{1, 1, 1, 1, 1, 12, -1, 1, -2, 1, 1, 2, -1, -2, -1, -3, -6, 2, -3, 1, 2, -3, 1, 2, -1, -2, 1, 3, -4, 1, 2, 5, 20, -29, 1, 3, -5, 25, -36, 1, 2, -2, 2, 5, -2, 14, 5, 8, -2, 1, 2, 2, -2, 9, -2, 3, 2, -2, 4, -4, 1, 2, -2, -2, 3, -5, 13, -6, 2, 13, -2, -5, 8, 2, -8, 100, 2, -4, 2, -2, 6, -1, -1, -2, 1, 3, -23, -2, 24, -2, 9, -3, 22}"
39/22,5,5,"{-77, -1, 1, -1, -2}"
41/22,5,5,"{-44, -2, 1, -1, 2}"
43/22,5,5,"{-506, -1, 1, -1, -11}"
45/22,5,5,"{-462, -1, 1, -1, 11}"
47/22,6,65,"{1, 1, 1, 1, 1, 2, -1, 1, -1, -4, 1, 1, -8, 8, 1, 2, -2, -4, 5, -6, 84, -1, -3, 2, -2, -4, 8, -1, 11, 6, 6, -1, -2, 1, 2, 1, 10, 1, 3, -7, 2, -2, 1, 2, -1, 25, 3, -2, -3, 1, 3, 25, 1, 3, -1, -1, -2, 1, 5, 10, 30, -1, -11, -4, -1}"
49/22,6,55,"{1, 1, 1, 1, 1, 1, -1, 1, -1, -1, -3, 2, -5, 1, 7, 3, -1, 9, -3, 2, -2, -1, -2, 2, -1, 34, 1, 1, 4, 3, 13, -3, 1, 6, 1, 1, 7, 2, -1, -40, -6, -1, -1, -27, 2, -1, -1, -2, 1, 4, -55, -8, 1, -5, -154}"
51/22,6,71,"{1, 1, 1, 1, 1, 1, -1, 1, -1, -2, -2, -2, -1, -1, -2, 1, -23, 1, 1, 21, -1, 4, 1, 2, 1, 1, 1, 3, 1, 16, 3, -1, -1, -4, 1, 4, -12, 54, 2, -2, -4, -20, -1, 10, 2, 1, 264, 1, 2, -1, -4, -5, 1, 2, 2, -1, 7, -6, -1, -1, 12, 7, -1, -1, -3, 3, 1, 1, 6, 1, 308}"
53/22,7,75,"{1, 1, 1, 1, 1, -1, 1, -1, -7, -1, 3, -70, 1, 2, 50, -4, 1, -17, -3, 5, -1, -2, 3, -2, -6, 2, -8, 2, -1, 8, 2, 1, 2, -4, 3, -15, -1, -3, 1, 3, 1, -2, -1, 3, 2, 2, 1, 1, 1, -4, 1, 3, 2, -3, 1, 2, -2, 2, 15, -2, 46, 1, -3, -4, 1, -7, 2, 3, -1, -2, -1, -8, -6, -1, 110}"
57/22,6,81,"{1, 1, 1, 1, 1, -9, 1, -1, 1, -1, -4, -5, -1, 3, 3, -1, -2, -1, -1, -2, -1, -4, -1, -1, -3, -6, 2, -1, -5, -1, -1, -1, -3, -3, 1, -2, -1, 7, -81, 1, -2, -1, -94, -1, 6, 2, -3, 2, -6, -1, -8, 1, -2, 4, 2, 1, 101, 57, -3, 159, 3, 1, -2, 2, 18, -2, -1, 2, -3, -2, 27, 2, -1, -3, -3, -16, -1, -1, -3, 10, 11}"
59/22,7,89,"{1, 1, 1, 1, 1, 3, -1, 1, -1, 1, 8, 3, 1, -2, 4, -1, -2, -1, 2, 2, -5, 4, 2, 1, -28, -21, 1, -2, 3, 2, -1, 5, -1, -24, -2, -2, 5, -1, -1, -5, -7, -1, 15, -1, 2, -3, 1, -19, -1, 5, 33, -2, 1, 1, 2, 1, 3, 17, -1, 2, 2, 1, 5, 1, -4, -1, -14, -1, 2, -1, -1, -1, 2, -1, -6, -2, -1, -2, 1, -4, 1, -15, 1, 185, -22, 1, 1, -33, -2}"
61/22,7,61,"{1, 1, 1, 1, -1, -11, 1, -1, 1, -1, 2, 1, -15, -150, 1, -1, -1, 4, -1, 2, 2, 2, -1, -1, -1, -1, -4, 8, 3, 1, 3, -1, -2, 1, 1, -8, 1, 2, 5, -2, -4, -4, -171, -1, -8, -1, 6, -3, -1, 13, 77, -1, 13, -2, 1, 1, 2, -3, -11, -1, -22}"
63/22,8,63,"{1, 1, 1, 1, 2, -11, 1, -1, 1, -1, 2, -1, 1, 1, 1, -37, 1, 1, -4, 1, 2, 1, 8, -1, -1, -3, 2, -1, 4, 7, -1, 1, 1, -3, -2, 10, -2, -7, 1, 6, -1, 1, 1, -148, 1, -2, -1, 2692, 2, -1, -8, -2, 4, -1, 1, 2, -3, -14, 1, 6, 1, -2, 5401}"
65/22,7,61,"{1, 1, 1, 1, 1, -22, 1, -1, 1, -1, 1, 3, -1, -2, 1, 5, -14, 15, 23, -106, -5, -2, 1, -11, 1, 1, 2, -1, 4, -1, 1, 3, 1, -2, -38, -1, 2, 1, 6, 1, -1, -1, -2, -4, -1, -1, -1, -14, -6, 3, 2, 3, -1, 3, 1, 5, -17, -3, -7, -1, -22}"
67/22,7,47,"{1, 1, 1, 1, 1, 1, -1, 1, -1, 1, -2, 1, -9, 1, -1, -2, 1, -121, -1, 1, 10, 1, 2, 1, 1, 5, 1, -6, -1, 2, 6, -4, 112, -1, -4, 2, -1, 1, 23, 1, 3, 8, -9, -2, 1, -44, 1}"
69/22,8,53,"{1, 1, 1, 1, -1, 5, -1, 1, -1, 1, -1, 2, -8, -5, 2, 1, 1, 10, 1, -1, -1, 1, -8, 10, 43, 1, 2, -1, 28, 7, -8, 1, -512, -1, 4, -9, 5, 1, -17, -1, -1, -1, 1, 5, -13, -1, -2, 1, 5, 3, -4, 55, 1}"
71/22,8,47,"{1, 1, 1, 1, 1, 1, -1, 1, -1, 1, -1, 3, 5, -7, -2, 1, -1, -45, 3, -1, 9, -2, 7, 4, 1, 2, -2, -5, -3, 2, 6, -1, -2, -1, 1, -2, -3, 1, -1, 33, -1, 14, 1, 1, -40, 420, 22}"
73/22,9,53,"{1, 1, 1, 1, 3, -2, 1, -1, 1, -1, 1, -1, 84, -1, 1, 45, 1, 3, 11, 5, 1, -2, 6, 2, 3, 2, 4, 13, 2, 1, -4, -1, 4, 2, -1, 4, 10, -1, -1, 2, -7, -1, 3, 2, 3, -1, -1, -1, 1, -2, -15, 2, 33}"
75/22,9,83,"{1, 1, 1, -1, 11, 9, -1, 1, -1, 1, -1, 1, -1, -5, 2, -51, 2, -46, 9, -1, -1, -1, -34, 2, 1, -1, -1, -1, -1, 1, 1, -3, -1, -1, 2, 4, 1, 1, -1, 11, -1, -1, -83, 1, -1, 1, 4, -3, -3, 1, -1, 2, -1, 1, 3, 5, -2, 1, 2, 255, 2, 9, 1, 1, 1, 24, -65, 1, 3, 10, -2, -3, 1, -1, 77, 2, -1, 2, -1, -4, 2, 11, 2}"
79/22,10,95,"{1, 1, 1, 16, 9, -11, 1, -1, 1, -1, 1, -1, 1, -1, 1, 1, -1, -1, 1, 1, -1, -2, 15, 1, -1, 1, -2, 1, -2, 1, 1, 11, -6, -1, 1, -1, -3, -2, 1, 17, -16, -1, -1, -6, 4, 2, -2, -110, -1, 1, 2, 1, -1, -26, -14, 23, -1, -4, 15, 13, -2, -2, -1, 2, 27, -2, -1, -1, -5, 2, 6, 1, -2, 1, -1, 5, -2, 1, -2, 1, -1, -1, 1, -2, 5, -1, -29, -7, 1, -1, 20, 2, 72, 1, -11}"
81/22,13,49,"{1, 1, -1, 5, -6, -2, 1, -1, 1, -1, 1, -1, 1, -1, 1, -1, -1, 28, 11, 5, -104, 2, -1, -47, -1, 1, -1, 2, 2, -1, 1, 1, -1, 1, 307, -1, 11, -1, 12, 1, -1, 2, -224, -2, 1, -16, -8, 11, -2}"
83/22,29,147,"{1, 1, 2, 3, 7, -1, 1, -1, 1, -1, 1, -1, 1, -1, 1, -1, 1, 20, 1, 3, 35, -3, 1, -8, 2, -1, 2, -1, 2, -16, 10, 26, 1, -3, 3, 2, -1, -1, 1, -1, 1, -38, -1, 1, -3, 8, -1, -55, -1, 1, -1, 1, 2, -6, 2, -3, 6, -5, 2, 2, -1, 1, -1, 1, -1, 3, -3, 1, -2, 4, 1, -1, 1, -2, 1, 4, -27, 1, -1, 2, -1, 1, 53, 2, 8, 2, 1, -21, 1, 1, -1, 1, -1, -22, 5, -7, -1, 41, -10, 1, -1, 1, 23, 7, -1, 1, 13, -2, -1, 1, -2, 10, 10, -2, 2, 1, 1, -1, 1, -13, 1, -1, 1, 1, -2, 4, 2, 1, -2, 1, -3, 1, -3, -49, 1, 4, 11, -2, -2, 1, -1, 1, 1, 2, 1, 2, 99}"
85/22,16,69,"{1, 5, -6, 4, -3, 8, -1, 1, -1, 1, -1, 1, -1, 1, -1, 1, -1, 1, -1, 1, -1, 1, 3, -2, 1, -9, 7, 6, -2, -11, -1, 1, -2, 4, 2, 2, 2, -1, -2, -1, 238, -2, 11, 1, 2, -1, 44, 19, 2, -1, -3, -6, 36, 1, -5, 1, -1, 2, 1, -9, 8, 17, -2, -1, -2, -6, 3, 1, -154}"
87/22,29,∞,Unknown
